"GeneID";"Biotype";"Length";"Chromosome";"Location";"Exons";"Organism"
"Gene_000001";"rRNA";18147;4;"564139-588258";17;"Homo sapiens"
"Gene_000002";"snRNA";28939;4;"859208-901335";3;"Mus musculus"
"Gene_000003";"lncRNA";18213;5;"650289-677611";15;"Homo sapiens"
"Gene_000004";"lncRNA";37791;2;"596839-603912";12;"Mus musculus"
"Gene_000005";"lncRNA";24490;3;"850206-857307";14;"Mus musculus"
"Gene_000006";"tRNA";47059;4;"542248-561194";14;"Mus musculus"
"Gene_000007";"protein_coding";48979;5;"675359-708090";20;"Homo sapiens"
"Gene_000008";"tRNA";19266;1;"294180-344115";12;"Sus scrofa"
"Gene_000009";"tRNA";46554;5;"59846-68159";7;"Sus scrofa"
"Gene_000010";"rRNA";43088;5;"517645-522803";20;"Mus musculus"
"Gene_000011";"lncRNA";3480;4;"323573-326627";9;"Bos taurus"
"Gene_000012";"rRNA";42544;5;"574658-605488";11;"Homo sapiens"
"Gene_000013";"snRNA";7058;3;"534960-541805";9;"Sus scrofa"
"Gene_000014";"lncRNA";27788;1;"561700-595186";11;"Homo sapiens"
"Gene_000015";"tRNA";28652;3;"405352-407460";3;"Mus musculus"
"Gene_000016";"snRNA";30605;1;"339238-383713";5;"Bos taurus"
"Gene_000017";"rRNA";9488;1;"762441-795785";11;"Bos taurus"
"Gene_000018";"tRNA";35425;4;"814585-829611";9;"Bos taurus"
"Gene_000019";"protein_coding";43719;3;"651252-655192";9;"Homo sapiens"
"Gene_000020";"tRNA";46893;3;"955077-971555";1;"Sus scrofa"
"Gene_000021";"rRNA";47363;3;"234516-278871";15;"Mus musculus"
"Gene_000022";"protein_coding";32080;1;"481144-496078";10;"Homo sapiens"
"Gene_000023";"tRNA";40484;2;"750262-785093";17;"Bos taurus"
"Gene_000024";"snRNA";29589;1;"358350-389876";1;"Mus musculus"
"Gene_000025";"lncRNA";13993;2;"973122-1018686";19;"Bos taurus"
"Gene_000026";"rRNA";35948;1;"127163-140324";6;"Mus musculus"
"Gene_000027";"snRNA";25328;3;"841579-854664";16;"Bos taurus"
"Gene_000028";"tRNA";20497;2;"993756-1043208";17;"Sus scrofa"
"Gene_000029";"lncRNA";27734;3;"638409-641144";20;"Sus scrofa"
"Gene_000030";"snRNA";18238;5;"69808-81815";13;"Mus musculus"
"Gene_000031";"lncRNA";30734;4;"371472-396872";9;"Sus scrofa"
"Gene_000032";"rRNA";44642;3;"473824-493543";19;"Sus scrofa"
"Gene_000033";"tRNA";22401;2;"170947-196970";2;"Sus scrofa"
"Gene_000034";"tRNA";4845;4;"510482-551002";20;"Bos taurus"
"Gene_000035";"rRNA";8283;4;"910553-954581";6;"Homo sapiens"
"Gene_000036";"tRNA";31434;1;"785785-831089";14;"Homo sapiens"
"Gene_000037";"snRNA";10140;1;"720665-750458";18;"Bos taurus"
"Gene_000038";"tRNA";4510;5;"27324-73708";1;"Mus musculus"
"Gene_000039";"snRNA";38474;5;"891246-911666";13;"Sus scrofa"
"Gene_000040";"rRNA";22708;4;"965722-1013686";14;"Bos taurus"
"Gene_000041";"lncRNA";38207;5;"774612-805441";2;"Bos taurus"
"Gene_000042";"lncRNA";6350;5;"254396-284117";19;"Mus musculus"
"Gene_000043";"snRNA";5923;1;"3471-20729";18;"Homo sapiens"
"Gene_000044";"rRNA";3340;2;"178159-209365";17;"Mus musculus"
"Gene_000045";"lncRNA";47498;4;"524607-569248";11;"Mus musculus"
"Gene_000046";"tRNA";12233;1;"139720-174093";7;"Mus musculus"
"Gene_000047";"tRNA";19096;4;"700133-749516";2;"Homo sapiens"
"Gene_000048";"protein_coding";49753;2;"5034-15326";5;"Mus musculus"
"Gene_000049";"rRNA";30775;3;"998932-1012627";10;"Sus scrofa"
"Gene_000050";"protein_coding";9773;1;"298166-331716";14;"Bos taurus"
"Gene_000051";"tRNA";35346;2;"571573-588108";15;"Homo sapiens"
"Gene_000052";"protein_coding";22219;5;"983218-989323";14;"Bos taurus"
"Gene_000053";"tRNA";7928;2;"657674-674827";19;"Homo sapiens"
"Gene_000054";"snRNA";15499;4;"461580-467706";17;"Homo sapiens"
"Gene_000055";"lncRNA";1054;5;"376525-377050";16;"Homo sapiens"
"Gene_000056";"lncRNA";9252;5;"954245-992893";3;"Mus musculus"
"Gene_000057";"lncRNA";22197;4;"963391-967560";13;"Sus scrofa"
"Gene_000058";"snRNA";13938;5;"930706-972314";18;"Homo sapiens"
"Gene_000059";"lncRNA";15948;5;"163152-191596";20;"Homo sapiens"
"Gene_000060";"protein_coding";12654;1;"575204-590319";5;"Sus scrofa"
"Gene_000061";"rRNA";11427;5;"144041-160758";2;"Bos taurus"
"Gene_000062";"snRNA";37959;5;"982387-1022124";6;"Bos taurus"
"Gene_000063";"lncRNA";48306;4;"719230-738992";14;"Homo sapiens"
"Gene_000064";"rRNA";31990;1;"167428-183188";2;"Homo sapiens"
"Gene_000065";"lncRNA";13968;5;"386946-403478";5;"Mus musculus"
"Gene_000066";"protein_coding";25380;2;"145265-191809";19;"Bos taurus"
"Gene_000067";"snRNA";30034;2;"390126-390390";6;"Homo sapiens"
"Gene_000068";"lncRNA";30671;1;"515251-520339";10;"Homo sapiens"
"Gene_000069";"tRNA";18505;1;"40187-70990";16;"Homo sapiens"
"Gene_000070";"snRNA";45561;5;"20893-67011";16;"Bos taurus"
"Gene_000071";"tRNA";3682;2;"385592-403682";11;"Bos taurus"
"Gene_000072";"lncRNA";32980;1;"939936-975222";17;"Homo sapiens"
"Gene_000073";"lncRNA";11198;3;"478953-483913";9;"Bos taurus"
"Gene_000074";"rRNA";46844;3;"779953-782600";13;"Sus scrofa"
"Gene_000075";"protein_coding";23952;5;"80768-118354";6;"Mus musculus"
"Gene_000076";"snRNA";40004;4;"145982-158300";3;"Sus scrofa"
"Gene_000077";"protein_coding";13736;3;"580567-602827";1;"Sus scrofa"
"Gene_000078";"rRNA";23947;5;"716318-725750";8;"Sus scrofa"
"Gene_000079";"lncRNA";8999;2;"524534-555588";9;"Mus musculus"
"Gene_000080";"protein_coding";30179;4;"70689-82044";14;"Homo sapiens"
"Gene_000081";"snRNA";35784;4;"86158-111931";20;"Sus scrofa"
"Gene_000082";"tRNA";4549;5;"188406-192469";15;"Sus scrofa"
"Gene_000083";"protein_coding";13197;3;"170849-207253";17;"Sus scrofa"
"Gene_000084";"lncRNA";42662;1;"390773-421180";14;"Sus scrofa"
"Gene_000085";"protein_coding";6939;3;"373541-388823";20;"Mus musculus"
"Gene_000086";"tRNA";1435;5;"292389-337638";10;"Bos taurus"
"Gene_000087";"tRNA";41273;3;"87360-87672";12;"Mus musculus"
"Gene_000088";"snRNA";48611;4;"754289-795468";9;"Bos taurus"
"Gene_000089";"tRNA";6657;4;"204702-236398";17;"Bos taurus"
"Gene_000090";"protein_coding";2989;5;"258200-266554";4;"Sus scrofa"
"Gene_000091";"lncRNA";35481;2;"773576-781024";10;"Sus scrofa"
"Gene_000092";"snRNA";20992;2;"108276-122696";5;"Mus musculus"
"Gene_000093";"protein_coding";17511;1;"388786-390690";5;"Homo sapiens"
"Gene_000094";"snRNA";33009;2;"231075-276700";9;"Sus scrofa"
"Gene_000095";"rRNA";29572;3;"535466-555820";14;"Bos taurus"
"Gene_000096";"rRNA";7533;1;"593936-623149";13;"Homo sapiens"
"Gene_000097";"rRNA";34853;3;"777324-825573";13;"Bos taurus"
"Gene_000098";"lncRNA";6313;1;"368513-411209";9;"Homo sapiens"
"Gene_000099";"snRNA";47050;3;"989984-1011008";12;"Sus scrofa"
"Gene_000100";"protein_coding";5507;4;"505910-535777";19;"Sus scrofa"
"Gene_000101";"rRNA";32199;4;"586089-599203";19;"Mus musculus"
"Gene_000102";"tRNA";36998;3;"399813-404242";15;"Bos taurus"
"Gene_000103";"protein_coding";22564;2;"682409-720915";7;"Homo sapiens"
"Gene_000104";"tRNA";43439;2;"993169-1043114";9;"Homo sapiens"
"Gene_000105";"snRNA";2295;4;"629808-672519";16;"Bos taurus"
"Gene_000106";"snRNA";39666;4;"163385-176305";6;"Mus musculus"
"Gene_000107";"rRNA";23178;5;"341439-357170";17;"Mus musculus"
"Gene_000108";"rRNA";15306;3;"615361-650186";7;"Homo sapiens"
"Gene_000109";"rRNA";6994;2;"891964-918159";4;"Sus scrofa"
"Gene_000110";"lncRNA";30774;4;"875679-879711";18;"Homo sapiens"
"Gene_000111";"lncRNA";7410;3;"874038-887802";6;"Bos taurus"
"Gene_000112";"rRNA";16380;3;"395680-431046";19;"Mus musculus"
"Gene_000113";"tRNA";48144;2;"708161-710374";19;"Homo sapiens"
"Gene_000114";"tRNA";44387;1;"472633-511917";5;"Mus musculus"
"Gene_000115";"tRNA";24336;1;"955327-955445";14;"Sus scrofa"
"Gene_000116";"tRNA";6209;2;"581864-627973";19;"Sus scrofa"
"Gene_000117";"lncRNA";34184;2;"896282-938692";3;"Mus musculus"
"Gene_000118";"rRNA";30030;1;"780775-816130";1;"Mus musculus"
"Gene_000119";"snRNA";13727;2;"93950-105455";16;"Bos taurus"
"Gene_000120";"lncRNA";23476;4;"748213-791397";10;"Mus musculus"
"Gene_000121";"snRNA";43389;4;"497791-543340";14;"Bos taurus"
"Gene_000122";"snRNA";46212;1;"736292-754168";6;"Homo sapiens"
"Gene_000123";"snRNA";13863;5;"640583-649142";18;"Mus musculus"
"Gene_000124";"lncRNA";39846;5;"187086-189299";3;"Mus musculus"
"Gene_000125";"lncRNA";39614;3;"868130-894262";11;"Bos taurus"
"Gene_000126";"tRNA";18352;4;"639196-687024";14;"Mus musculus"
"Gene_000127";"snRNA";13715;5;"253544-253997";2;"Bos taurus"
"Gene_000128";"tRNA";23530;3;"35870-47790";13;"Sus scrofa"
"Gene_000129";"protein_coding";35462;5;"68841-78518";5;"Sus scrofa"
"Gene_000130";"tRNA";22134;2;"383750-417360";7;"Homo sapiens"
"Gene_000131";"lncRNA";25559;2;"874761-924398";2;"Bos taurus"
"Gene_000132";"snRNA";6021;2;"431069-478967";12;"Bos taurus"
"Gene_000133";"protein_coding";12262;1;"502523-516409";17;"Sus scrofa"
"Gene_000134";"protein_coding";49845;5;"583714-618399";6;"Bos taurus"
"Gene_000135";"tRNA";13711;5;"417483-445466";10;"Mus musculus"
"Gene_000136";"tRNA";13636;4;"332749-371944";15;"Mus musculus"
"Gene_000137";"protein_coding";11943;1;"901018-914862";12;"Bos taurus"
"Gene_000138";"snRNA";25783;4;"355209-366154";6;"Mus musculus"
"Gene_000139";"tRNA";31522;5;"684731-729417";9;"Bos taurus"
"Gene_000140";"lncRNA";23391;5;"630469-672800";20;"Bos taurus"
"Gene_000141";"protein_coding";28550;2;"887708-915183";4;"Bos taurus"
"Gene_000142";"lncRNA";29739;3;"560413-600945";13;"Bos taurus"
"Gene_000143";"lncRNA";16701;2;"338992-383869";1;"Homo sapiens"
"Gene_000144";"lncRNA";41946;5;"524656-542751";12;"Sus scrofa"
"Gene_000145";"snRNA";19729;2;"823350-865003";9;"Mus musculus"
"Gene_000146";"tRNA";45791;1;"37660-55622";12;"Bos taurus"
"Gene_000147";"rRNA";25160;1;"45728-65884";15;"Homo sapiens"
"Gene_000148";"lncRNA";17241;3;"993553-1003417";16;"Mus musculus"
"Gene_000149";"rRNA";26968;3;"675306-719679";11;"Bos taurus"
"Gene_000150";"protein_coding";2897;3;"177072-206877";19;"Sus scrofa"
"Gene_000151";"rRNA";19595;3;"366237-405392";19;"Sus scrofa"
"Gene_000152";"rRNA";44933;3;"734535-772591";9;"Bos taurus"
"Gene_000153";"rRNA";20659;3;"758025-798345";7;"Homo sapiens"
"Gene_000154";"tRNA";2881;3;"516808-544692";15;"Bos taurus"
"Gene_000155";"protein_coding";28217;5;"747026-774809";14;"Bos taurus"
"Gene_000156";"snRNA";32632;1;"174815-213765";6;"Mus musculus"
"Gene_000157";"rRNA";39214;2;"778772-802182";17;"Homo sapiens"
"Gene_000158";"lncRNA";9358;3;"268963-279444";7;"Mus musculus"
"Gene_000159";"rRNA";3969;2;"299125-315600";11;"Mus musculus"
"Gene_000160";"tRNA";28166;1;"799116-801510";12;"Homo sapiens"
"Gene_000161";"protein_coding";1727;2;"56093-82146";16;"Sus scrofa"
"Gene_000162";"rRNA";36766;5;"778891-779991";11;"Homo sapiens"
"Gene_000163";"lncRNA";37622;1;"540822-552272";18;"Bos taurus"
"Gene_000164";"protein_coding";17622;4;"637162-647452";8;"Bos taurus"
"Gene_000165";"tRNA";34825;2;"813532-851863";2;"Bos taurus"
"Gene_000166";"snRNA";24215;4;"395027-443733";6;"Bos taurus"
"Gene_000167";"rRNA";22530;3;"777602-821730";5;"Bos taurus"
"Gene_000168";"lncRNA";13702;3;"726380-751704";7;"Mus musculus"
"Gene_000169";"protein_coding";39635;5;"417350-432136";6;"Mus musculus"
"Gene_000170";"rRNA";7831;3;"28056-55125";10;"Bos taurus"
"Gene_000171";"rRNA";23255;5;"580832-620969";19;"Bos taurus"
"Gene_000172";"snRNA";26604;1;"984890-1000023";6;"Bos taurus"
"Gene_000173";"snRNA";2591;4;"824879-872619";8;"Bos taurus"
"Gene_000174";"snRNA";27351;3;"196525-214606";16;"Mus musculus"
"Gene_000175";"protein_coding";11441;2;"298463-340056";17;"Bos taurus"
"Gene_000176";"snRNA";11004;4;"838904-865442";13;"Sus scrofa"
"Gene_000177";"tRNA";48762;5;"274902-323720";16;"Mus musculus"
"Gene_000178";"lncRNA";21888;5;"557899-561145";19;"Mus musculus"
"Gene_000179";"rRNA";29359;1;"636357-658478";8;"Homo sapiens"
"Gene_000180";"protein_coding";11906;5;"145643-175847";17;"Sus scrofa"
"Gene_000181";"rRNA";36093;4;"993920-1026422";7;"Mus musculus"
"Gene_000182";"rRNA";35769;4;"904465-917049";20;"Homo sapiens"
"Gene_000183";"snRNA";16744;2;"51860-101707";1;"Homo sapiens"
"Gene_000184";"lncRNA";5432;1;"275139-283810";5;"Bos taurus"
"Gene_000185";"lncRNA";47444;4;"365068-407136";12;"Homo sapiens"
"Gene_000186";"snRNA";15159;2;"191314-198350";14;"Sus scrofa"
"Gene_000187";"lncRNA";5471;2;"442749-445774";5;"Mus musculus"
"Gene_000188";"rRNA";30735;2;"276803-288728";1;"Mus musculus"
"Gene_000189";"lncRNA";34388;2;"659711-684017";5;"Homo sapiens"
"Gene_000190";"rRNA";33795;2;"807548-836184";13;"Mus musculus"
"Gene_000191";"rRNA";49033;3;"170006-206064";17;"Mus musculus"
"Gene_000192";"lncRNA";17182;3;"574096-593675";11;"Sus scrofa"
"Gene_000193";"lncRNA";5096;3;"818440-853708";12;"Mus musculus"
"Gene_000194";"lncRNA";1280;2;"343554-350682";12;"Bos taurus"
"Gene_000195";"tRNA";8284;2;"917307-925143";1;"Bos taurus"
"Gene_000196";"rRNA";47902;1;"457918-478817";15;"Homo sapiens"
"Gene_000197";"snRNA";19173;4;"179474-208974";3;"Bos taurus"
"Gene_000198";"snRNA";16333;2;"750562-800526";7;"Homo sapiens"
"Gene_000199";"rRNA";27106;3;"803692-806504";2;"Homo sapiens"
"Gene_000200";"tRNA";19495;4;"377574-423603";13;"Sus scrofa"
"Gene_000201";"snRNA";49743;3;"663788-690586";6;"Homo sapiens"
"Gene_000202";"snRNA";33384;5;"672608-722373";6;"Homo sapiens"
"Gene_000203";"protein_coding";17273;1;"568385-607933";19;"Mus musculus"
"Gene_000204";"lncRNA";6626;5;"257833-289327";20;"Homo sapiens"
"Gene_000205";"protein_coding";30106;2;"309837-312452";11;"Homo sapiens"
"Gene_000206";"lncRNA";3405;3;"690320-699623";9;"Mus musculus"
"Gene_000207";"lncRNA";20722;5;"92839-117999";19;"Sus scrofa"
"Gene_000208";"rRNA";26079;1;"224706-249461";7;"Mus musculus"
"Gene_000209";"lncRNA";24356;5;"455427-493316";12;"Homo sapiens"
"Gene_000210";"snRNA";3099;3;"58210-100647";1;"Mus musculus"
"Gene_000211";"rRNA";7474;3;"916599-964715";14;"Homo sapiens"
"Gene_000212";"protein_coding";27642;5;"285029-293115";8;"Bos taurus"
"Gene_000213";"lncRNA";5316;3;"125076-137272";12;"Mus musculus"
"Gene_000214";"protein_coding";29691;5;"598210-610052";13;"Bos taurus"
"Gene_000215";"protein_coding";2637;2;"21485-63850";5;"Mus musculus"
"Gene_000216";"rRNA";33756;4;"13155-14137";9;"Bos taurus"
"Gene_000217";"tRNA";49295;5;"349624-381264";13;"Homo sapiens"
"Gene_000218";"snRNA";49111;1;"954301-983816";9;"Sus scrofa"
"Gene_000219";"tRNA";31847;2;"675422-678446";15;"Homo sapiens"
"Gene_000220";"snRNA";5834;3;"524143-529322";4;"Homo sapiens"
"Gene_000221";"snRNA";44905;1;"164268-164617";2;"Bos taurus"
"Gene_000222";"tRNA";19079;1;"707769-735434";5;"Sus scrofa"
"Gene_000223";"snRNA";42288;5;"870120-896758";10;"Bos taurus"
"Gene_000224";"rRNA";14458;1;"740450-741574";2;"Bos taurus"
"Gene_000225";"rRNA";35784;4;"332037-379763";14;"Sus scrofa"
"Gene_000226";"tRNA";46121;1;"282387-323832";17;"Homo sapiens"
"Gene_000227";"rRNA";11884;4;"638978-648421";11;"Mus musculus"
"Gene_000228";"snRNA";28185;1;"210280-255428";3;"Homo sapiens"
"Gene_000229";"tRNA";25543;3;"691575-698791";11;"Bos taurus"
"Gene_000230";"snRNA";33465;1;"844619-875829";8;"Homo sapiens"
"Gene_000231";"tRNA";13097;2;"491601-513800";10;"Homo sapiens"
"Gene_000232";"lncRNA";18561;4;"941537-983301";5;"Bos taurus"
"Gene_000233";"rRNA";40974;3;"941210-942806";15;"Homo sapiens"
"Gene_000234";"lncRNA";13836;1;"495401-498212";17;"Mus musculus"
"Gene_000235";"rRNA";9653;2;"836755-854989";1;"Mus musculus"
"Gene_000236";"rRNA";47317;5;"78026-83462";16;"Sus scrofa"
"Gene_000237";"rRNA";147;5;"876029-892833";15;"Bos taurus"
"Gene_000238";"lncRNA";48760;3;"97179-134290";20;"Bos taurus"
"Gene_000239";"snRNA";25604;1;"860897-900950";20;"Homo sapiens"
"Gene_000240";"lncRNA";21239;2;"69305-87418";2;"Mus musculus"
"Gene_000241";"lncRNA";12347;4;"21725-54013";16;"Mus musculus"
"Gene_000242";"protein_coding";22940;5;"164062-183263";16;"Mus musculus"
"Gene_000243";"protein_coding";11483;4;"316329-328479";9;"Sus scrofa"
"Gene_000244";"lncRNA";16468;2;"889270-893522";18;"Sus scrofa"
"Gene_000245";"protein_coding";7360;4;"175282-195621";20;"Bos taurus"
"Gene_000246";"snRNA";47407;5;"170461-197764";9;"Sus scrofa"
"Gene_000247";"lncRNA";14962;3;"532960-565572";16;"Bos taurus"
"Gene_000248";"tRNA";28843;5;"115851-151955";1;"Sus scrofa"
"Gene_000249";"lncRNA";46570;5;"142798-147395";6;"Homo sapiens"
"Gene_000250";"rRNA";20068;2;"793594-813425";3;"Homo sapiens"
"Gene_000251";"rRNA";15778;2;"40539-48978";9;"Sus scrofa"
"Gene_000252";"lncRNA";328;1;"326453-363150";10;"Sus scrofa"
"Gene_000253";"snRNA";29551;5;"612201-628954";1;"Sus scrofa"
"Gene_000254";"protein_coding";14403;3;"534241-562030";5;"Mus musculus"
"Gene_000255";"protein_coding";24437;5;"427103-460628";5;"Homo sapiens"
"Gene_000256";"lncRNA";668;1;"962720-984477";11;"Sus scrofa"
"Gene_000257";"snRNA";33842;3;"654475-658103";19;"Sus scrofa"
"Gene_000258";"lncRNA";6443;1;"161158-168746";10;"Homo sapiens"
"Gene_000259";"snRNA";31360;3;"222695-265287";10;"Bos taurus"
"Gene_000260";"lncRNA";2547;2;"629984-678283";2;"Homo sapiens"
"Gene_000261";"protein_coding";43083;1;"899835-924797";5;"Homo sapiens"
"Gene_000262";"lncRNA";36271;3;"92264-127850";8;"Mus musculus"
"Gene_000263";"protein_coding";47661;4;"360372-370941";1;"Sus scrofa"
"Gene_000264";"protein_coding";2544;3;"603369-630468";8;"Mus musculus"
"Gene_000265";"lncRNA";25472;2;"132098-168146";7;"Homo sapiens"
"Gene_000266";"snRNA";14195;4;"365220-412985";16;"Bos taurus"
"Gene_000267";"lncRNA";19944;4;"228995-253773";7;"Homo sapiens"
"Gene_000268";"protein_coding";8359;1;"573562-612275";3;"Bos taurus"
"Gene_000269";"protein_coding";31808;5;"737596-745281";8;"Mus musculus"
"Gene_000270";"protein_coding";16801;2;"380396-392215";15;"Homo sapiens"
"Gene_000271";"protein_coding";34566;3;"403223-431237";7;"Mus musculus"
"Gene_000272";"lncRNA";37687;5;"19646-49943";11;"Homo sapiens"
"Gene_000273";"rRNA";11950;1;"668509-681622";1;"Homo sapiens"
"Gene_000274";"protein_coding";32016;5;"481172-515945";6;"Mus musculus"
"Gene_000275";"snRNA";42740;1;"504683-515993";10;"Bos taurus"
"Gene_000276";"rRNA";9075;5;"81459-100543";5;"Homo sapiens"
"Gene_000277";"lncRNA";8780;3;"4513-8280";7;"Mus musculus"
"Gene_000278";"tRNA";45133;5;"558036-594553";7;"Homo sapiens"
"Gene_000279";"protein_coding";24181;5;"654688-670099";7;"Mus musculus"
"Gene_000280";"tRNA";40184;3;"63304-110627";1;"Bos taurus"
"Gene_000281";"tRNA";25115;1;"778880-797593";9;"Bos taurus"
"Gene_000282";"lncRNA";6786;2;"172836-207794";20;"Mus musculus"
"Gene_000283";"rRNA";26163;5;"703843-705406";3;"Sus scrofa"
"Gene_000284";"snRNA";3414;5;"940131-962050";5;"Homo sapiens"
"Gene_000285";"protein_coding";3815;3;"803152-822060";20;"Bos taurus"
"Gene_000286";"protein_coding";13512;5;"821225-822869";9;"Mus musculus"
"Gene_000287";"lncRNA";23369;4;"412720-446470";18;"Homo sapiens"
"Gene_000288";"lncRNA";44909;3;"998159-1005355";6;"Mus musculus"
"Gene_000289";"lncRNA";45490;5;"599694-645747";20;"Mus musculus"
"Gene_000290";"lncRNA";36823;5;"17106-21608";4;"Homo sapiens"
"Gene_000291";"rRNA";4697;4;"203983-216244";15;"Bos taurus"
"Gene_000292";"tRNA";49474;3;"644000-686115";9;"Sus scrofa"
"Gene_000293";"protein_coding";49475;4;"772092-816522";14;"Sus scrofa"
"Gene_000294";"protein_coding";24489;1;"59651-74373";1;"Sus scrofa"
"Gene_000295";"protein_coding";25365;3;"640828-652026";6;"Homo sapiens"
"Gene_000296";"protein_coding";42293;3;"794029-825640";16;"Sus scrofa"
"Gene_000297";"rRNA";1736;2;"806339-823257";6;"Sus scrofa"
"Gene_000298";"rRNA";44756;4;"693475-722221";20;"Homo sapiens"
"Gene_000299";"snRNA";27601;1;"701876-745688";17;"Sus scrofa"
"Gene_000300";"protein_coding";42316;2;"459654-501206";19;"Sus scrofa"
"Gene_000301";"tRNA";6180;2;"842556-892393";13;"Sus scrofa"
"Gene_000302";"protein_coding";45952;5;"478161-486719";9;"Mus musculus"
"Gene_000303";"protein_coding";36913;4;"679416-705258";2;"Homo sapiens"
"Gene_000304";"tRNA";36423;5;"747767-778162";12;"Homo sapiens"
"Gene_000305";"rRNA";13493;1;"527595-574105";9;"Homo sapiens"
"Gene_000306";"lncRNA";18728;1;"129113-144671";1;"Bos taurus"
"Gene_000307";"protein_coding";35904;4;"813829-852790";18;"Mus musculus"
"Gene_000308";"tRNA";9421;4;"172954-208091";14;"Mus musculus"
"Gene_000309";"snRNA";17991;4;"798459-839350";13;"Homo sapiens"
"Gene_000310";"rRNA";35150;3;"579968-599282";17;"Homo sapiens"
"Gene_000311";"tRNA";18078;4;"820793-836362";16;"Mus musculus"
"Gene_000312";"protein_coding";28001;1;"256537-283635";9;"Homo sapiens"
"Gene_000313";"lncRNA";48485;2;"285367-328349";15;"Sus scrofa"
"Gene_000314";"rRNA";5550;1;"298444-327008";10;"Mus musculus"
"Gene_000315";"rRNA";13205;1;"459024-494610";11;"Mus musculus"
"Gene_000316";"tRNA";34161;5;"239008-272238";10;"Bos taurus"
"Gene_000317";"snRNA";4985;4;"905928-932173";12;"Mus musculus"
"Gene_000318";"protein_coding";19851;2;"278553-319749";5;"Homo sapiens"
"Gene_000319";"protein_coding";19289;5;"265179-273319";7;"Sus scrofa"
"Gene_000320";"tRNA";761;3;"20603-53968";7;"Sus scrofa"
"Gene_000321";"tRNA";9690;3;"433266-452302";4;"Homo sapiens"
"Gene_000322";"rRNA";2087;3;"54838-62796";7;"Mus musculus"
"Gene_000323";"snRNA";4030;2;"294480-337796";16;"Homo sapiens"
"Gene_000324";"lncRNA";27519;4;"890152-913694";19;"Bos taurus"
"Gene_000325";"protein_coding";2966;4;"386741-425598";7;"Homo sapiens"
"Gene_000326";"tRNA";35038;4;"826204-842645";6;"Mus musculus"
"Gene_000327";"tRNA";49623;1;"424517-442788";12;"Bos taurus"
"Gene_000328";"rRNA";12871;1;"219511-256940";18;"Homo sapiens"
"Gene_000329";"snRNA";40143;2;"714958-738617";20;"Mus musculus"
"Gene_000330";"rRNA";46673;3;"725596-741363";18;"Homo sapiens"
"Gene_000331";"tRNA";13926;5;"633853-647148";18;"Mus musculus"
"Gene_000332";"rRNA";39366;5;"505780-518222";17;"Sus scrofa"
"Gene_000333";"rRNA";40501;5;"166392-199867";6;"Mus musculus"
"Gene_000334";"snRNA";35288;4;"967276-986106";20;"Mus musculus"
"Gene_000335";"rRNA";13896;5;"834302-864478";10;"Sus scrofa"
"Gene_000336";"lncRNA";43753;4;"406257-426665";10;"Homo sapiens"
"Gene_000337";"rRNA";3230;3;"598360-631158";2;"Homo sapiens"
"Gene_000338";"snRNA";28724;1;"409245-447122";15;"Homo sapiens"
"Gene_000339";"protein_coding";41116;5;"250726-287203";8;"Mus musculus"
"Gene_000340";"protein_coding";34065;4;"639420-643671";11;"Bos taurus"
"Gene_000341";"protein_coding";15407;1;"919613-963372";18;"Mus musculus"
"Gene_000342";"rRNA";24758;4;"204963-252513";16;"Mus musculus"
"Gene_000343";"protein_coding";18156;4;"853662-893643";12;"Bos taurus"
"Gene_000344";"snRNA";36049;4;"41300-84400";8;"Mus musculus"
"Gene_000345";"rRNA";46882;3;"622170-666046";12;"Bos taurus"
"Gene_000346";"tRNA";21481;1;"503230-509508";18;"Bos taurus"
"Gene_000347";"protein_coding";13899;5;"139900-165602";12;"Sus scrofa"
"Gene_000348";"snRNA";13069;4;"479395-512146";2;"Sus scrofa"
"Gene_000349";"protein_coding";12657;1;"497485-500225";19;"Homo sapiens"
"Gene_000350";"protein_coding";26271;4;"925301-957135";19;"Mus musculus"
"Gene_000351";"snRNA";39006;2;"671394-700476";14;"Bos taurus"
"Gene_000352";"protein_coding";4332;3;"300202-329152";19;"Sus scrofa"
"Gene_000353";"lncRNA";15993;2;"924206-929173";10;"Bos taurus"
"Gene_000354";"snRNA";47243;1;"997548-1002618";1;"Sus scrofa"
"Gene_000355";"rRNA";16887;1;"284937-324049";18;"Sus scrofa"
"Gene_000356";"lncRNA";29879;4;"773668-779962";6;"Homo sapiens"
"Gene_000357";"tRNA";10571;1;"563068-604185";10;"Mus musculus"
"Gene_000358";"rRNA";43046;3;"476603-488482";13;"Sus scrofa"
"Gene_000359";"tRNA";24837;3;"241076-247612";7;"Homo sapiens"
"Gene_000360";"snRNA";38598;3;"866100-913609";20;"Mus musculus"
"Gene_000361";"tRNA";18912;3;"277943-310206";4;"Mus musculus"
"Gene_000362";"snRNA";36352;5;"298642-341180";15;"Homo sapiens"
"Gene_000363";"tRNA";35085;3;"621538-629715";15;"Bos taurus"
"Gene_000364";"protein_coding";36390;1;"588451-616010";18;"Sus scrofa"
"Gene_000365";"rRNA";20891;2;"689189-737004";8;"Sus scrofa"
"Gene_000366";"snRNA";27072;2;"691180-736343";1;"Mus musculus"
"Gene_000367";"lncRNA";29297;4;"609257-645823";4;"Homo sapiens"
"Gene_000368";"rRNA";25800;2;"229175-250750";17;"Sus scrofa"
"Gene_000369";"protein_coding";22925;5;"653561-693063";16;"Sus scrofa"
"Gene_000370";"protein_coding";1886;4;"182399-192451";15;"Mus musculus"
"Gene_000371";"rRNA";6675;5;"701971-743125";7;"Bos taurus"
"Gene_000372";"rRNA";36812;3;"457527-475975";4;"Mus musculus"
"Gene_000373";"snRNA";3976;4;"307304-313024";3;"Homo sapiens"
"Gene_000374";"snRNA";33076;3;"559023-560644";16;"Sus scrofa"
"Gene_000375";"tRNA";44975;5;"873513-886378";13;"Sus scrofa"
"Gene_000376";"protein_coding";40410;4;"627689-644983";3;"Bos taurus"
"Gene_000377";"protein_coding";17572;2;"284220-326698";13;"Homo sapiens"
"Gene_000378";"protein_coding";3507;2;"496449-507937";19;"Bos taurus"
"Gene_000379";"snRNA";36776;4;"587514-594793";5;"Sus scrofa"
"Gene_000380";"rRNA";4240;5;"915950-933674";16;"Mus musculus"
"Gene_000381";"tRNA";40083;1;"376472-399541";16;"Homo sapiens"
"Gene_000382";"snRNA";49382;3;"120581-149923";18;"Sus scrofa"
"Gene_000383";"lncRNA";15071;2;"53085-65503";11;"Homo sapiens"
"Gene_000384";"rRNA";2829;5;"666841-684250";9;"Mus musculus"
"Gene_000385";"tRNA";13437;4;"713056-738763";15;"Bos taurus"
"Gene_000386";"protein_coding";42001;1;"700543-748096";2;"Bos taurus"
"Gene_000387";"snRNA";8615;4;"944648-979486";8;"Mus musculus"
"Gene_000388";"snRNA";26652;3;"777157-807187";5;"Homo sapiens"
"Gene_000389";"tRNA";36522;1;"904423-913360";7;"Sus scrofa"
"Gene_000390";"snRNA";28463;4;"322469-340362";8;"Homo sapiens"
"Gene_000391";"snRNA";39477;4;"221466-241308";2;"Mus musculus"
"Gene_000392";"protein_coding";21399;5;"762633-762986";5;"Bos taurus"
"Gene_000393";"snRNA";37271;3;"451493-472724";7;"Bos taurus"
"Gene_000394";"lncRNA";38527;5;"184733-233449";7;"Sus scrofa"
"Gene_000395";"lncRNA";17919;5;"748011-754803";6;"Mus musculus"
"Gene_000396";"rRNA";44920;5;"185493-230585";16;"Bos taurus"
"Gene_000397";"tRNA";37060;4;"267028-305655";14;"Sus scrofa"
"Gene_000398";"lncRNA";32604;2;"956182-1006020";14;"Mus musculus"
"Gene_000399";"lncRNA";9352;5;"160214-173846";15;"Homo sapiens"
"Gene_000400";"lncRNA";40322;4;"320974-347637";19;"Homo sapiens"
"Gene_000401";"lncRNA";9539;2;"609617-638882";9;"Homo sapiens"
"Gene_000402";"lncRNA";22987;5;"667739-676277";6;"Bos taurus"
"Gene_000403";"snRNA";216;4;"987420-990709";2;"Bos taurus"
"Gene_000404";"lncRNA";44327;2;"979937-1027460";15;"Bos taurus"
"Gene_000405";"snRNA";1848;5;"994760-1003624";1;"Sus scrofa"
"Gene_000406";"lncRNA";16594;5;"403325-440777";12;"Mus musculus"
"Gene_000407";"lncRNA";48798;4;"74861-82228";7;"Homo sapiens"
"Gene_000408";"snRNA";9002;4;"975915-993076";12;"Bos taurus"
"Gene_000409";"rRNA";34432;3;"27213-47565";13;"Mus musculus"
"Gene_000410";"rRNA";33243;2;"78269-113750";10;"Bos taurus"
"Gene_000411";"rRNA";28452;3;"59186-108959";6;"Sus scrofa"
"Gene_000412";"rRNA";18302;5;"633405-636467";7;"Homo sapiens"
"Gene_000413";"snRNA";49642;4;"647554-675123";13;"Homo sapiens"
"Gene_000414";"tRNA";34115;4;"489456-492837";7;"Bos taurus"
"Gene_000415";"lncRNA";41517;3;"752569-761786";16;"Sus scrofa"
"Gene_000416";"lncRNA";18794;5;"192315-232422";6;"Sus scrofa"
"Gene_000417";"rRNA";10077;3;"253547-294057";18;"Bos taurus"
"Gene_000418";"snRNA";39567;4;"499716-502276";20;"Mus musculus"
"Gene_000419";"tRNA";26372;3;"534992-580295";4;"Homo sapiens"
"Gene_000420";"tRNA";26978;4;"636061-646555";2;"Mus musculus"
"Gene_000421";"rRNA";29311;1;"640839-687424";16;"Homo sapiens"
"Gene_000422";"rRNA";39169;3;"423848-463077";15;"Homo sapiens"
"Gene_000423";"tRNA";36040;1;"719901-768436";7;"Bos taurus"
"Gene_000424";"protein_coding";26721;4;"764430-772748";1;"Bos taurus"
"Gene_000425";"tRNA";38645;5;"672748-706616";16;"Sus scrofa"
"Gene_000426";"lncRNA";41351;4;"674270-710133";11;"Homo sapiens"
"Gene_000427";"snRNA";37821;4;"592166-603311";1;"Sus scrofa"
"Gene_000428";"snRNA";48056;2;"861350-904657";7;"Bos taurus"
"Gene_000429";"lncRNA";42957;3;"882160-908101";10;"Homo sapiens"
"Gene_000430";"lncRNA";26493;3;"483605-531617";7;"Mus musculus"
"Gene_000431";"rRNA";47848;3;"263840-290761";8;"Homo sapiens"
"Gene_000432";"tRNA";35100;3;"206428-222566";12;"Bos taurus"
"Gene_000433";"tRNA";14904;2;"346241-369367";14;"Homo sapiens"
"Gene_000434";"protein_coding";41360;1;"709465-720821";8;"Bos taurus"
"Gene_000435";"rRNA";34828;4;"515183-540436";6;"Homo sapiens"
"Gene_000436";"snRNA";31894;3;"959841-982443";7;"Homo sapiens"
"Gene_000437";"snRNA";47958;5;"776820-817266";16;"Mus musculus"
"Gene_000438";"tRNA";28632;4;"24025-72777";4;"Sus scrofa"
"Gene_000439";"protein_coding";33160;5;"877359-883069";18;"Sus scrofa"
"Gene_000440";"protein_coding";37299;5;"679321-725571";13;"Homo sapiens"
"Gene_000441";"snRNA";49188;3;"776674-818220";20;"Bos taurus"
"Gene_000442";"protein_coding";19513;4;"151780-170821";14;"Homo sapiens"
"Gene_000443";"lncRNA";6014;3;"205908-231297";7;"Bos taurus"
"Gene_000444";"rRNA";48855;2;"892709-902973";10;"Sus scrofa"
"Gene_000445";"snRNA";17567;4;"943100-960709";14;"Homo sapiens"
"Gene_000446";"lncRNA";16369;4;"837964-843743";1;"Sus scrofa"
"Gene_000447";"lncRNA";31538;1;"680783-709285";13;"Bos taurus"
"Gene_000448";"rRNA";9033;1;"707674-716861";17;"Mus musculus"
"Gene_000449";"protein_coding";37517;4;"107109-124567";5;"Sus scrofa"
"Gene_000450";"protein_coding";30572;5;"561423-575612";17;"Mus musculus"
"Gene_000451";"snRNA";46306;3;"429138-456439";5;"Homo sapiens"
"Gene_000452";"protein_coding";2788;1;"496247-510871";10;"Homo sapiens"
"Gene_000453";"rRNA";29631;4;"708167-718699";15;"Mus musculus"
"Gene_000454";"protein_coding";16070;2;"580862-611063";4;"Mus musculus"
"Gene_000455";"rRNA";24781;4;"451663-466154";7;"Mus musculus"
"Gene_000456";"snRNA";48696;2;"297065-334066";1;"Sus scrofa"
"Gene_000457";"protein_coding";10203;4;"356865-403989";10;"Bos taurus"
"Gene_000458";"rRNA";35774;3;"885128-919107";15;"Sus scrofa"
"Gene_000459";"lncRNA";6092;1;"820175-827748";10;"Bos taurus"
"Gene_000460";"rRNA";18854;4;"646135-648521";20;"Mus musculus"
"Gene_000461";"rRNA";8000;4;"960641-969791";16;"Sus scrofa"
"Gene_000462";"lncRNA";13799;4;"239830-276051";1;"Bos taurus"
"Gene_000463";"lncRNA";29217;1;"802355-848453";11;"Sus scrofa"
"Gene_000464";"lncRNA";37227;4;"632382-676980";15;"Mus musculus"
"Gene_000465";"protein_coding";28032;5;"919485-925140";14;"Bos taurus"
"Gene_000466";"rRNA";21151;1;"603550-637537";7;"Mus musculus"
"Gene_000467";"lncRNA";18259;2;"623623-647698";16;"Homo sapiens"
"Gene_000468";"rRNA";36365;4;"681980-700083";12;"Mus musculus"
"Gene_000469";"protein_coding";25746;5;"325070-365417";11;"Mus musculus"
"Gene_000470";"tRNA";22531;3;"999620-1020916";14;"Homo sapiens"
"Gene_000471";"snRNA";25435;3;"369690-416738";9;"Bos taurus"
"Gene_000472";"tRNA";25238;3;"52005-91920";8;"Mus musculus"
"Gene_000473";"lncRNA";1319;4;"551669-586224";14;"Bos taurus"
"Gene_000474";"rRNA";11400;3;"330339-365678";9;"Homo sapiens"
"Gene_000475";"rRNA";4397;1;"484220-530780";10;"Bos taurus"
"Gene_000476";"protein_coding";19972;3;"116910-154625";13;"Mus musculus"
"Gene_000477";"rRNA";36337;2;"914178-943967";15;"Bos taurus"
"Gene_000478";"lncRNA";49670;4;"148156-184370";16;"Mus musculus"
"Gene_000479";"protein_coding";40010;4;"162009-199199";4;"Homo sapiens"
"Gene_000480";"protein_coding";39372;1;"80793-125515";17;"Sus scrofa"
"Gene_000481";"lncRNA";1760;1;"513639-545035";16;"Mus musculus"
"Gene_000482";"tRNA";35971;2;"131077-178875";11;"Bos taurus"
"Gene_000483";"lncRNA";6692;4;"308144-308559";11;"Sus scrofa"
"Gene_000484";"snRNA";11054;1;"953125-985771";15;"Mus musculus"
"Gene_000485";"rRNA";19135;3;"227911-235242";18;"Sus scrofa"
"Gene_000486";"rRNA";457;2;"446851-495467";17;"Bos taurus"
"Gene_000487";"rRNA";27419;2;"378874-428306";11;"Bos taurus"
"Gene_000488";"protein_coding";40545;2;"524320-547721";3;"Sus scrofa"
"Gene_000489";"lncRNA";45753;4;"37306-59481";14;"Mus musculus"
"Gene_000490";"tRNA";39097;2;"201676-224357";15;"Homo sapiens"
"Gene_000491";"lncRNA";5125;2;"782162-818116";9;"Bos taurus"
"Gene_000492";"rRNA";13156;1;"656519-658225";9;"Bos taurus"
"Gene_000493";"lncRNA";46634;5;"846026-884756";16;"Mus musculus"
"Gene_000494";"protein_coding";24429;1;"34022-34776";18;"Sus scrofa"
"Gene_000495";"rRNA";6110;1;"539099-556470";13;"Sus scrofa"
"Gene_000496";"snRNA";6093;5;"524246-552467";9;"Sus scrofa"
"Gene_000497";"rRNA";5148;3;"477383-509106";7;"Bos taurus"
"Gene_000498";"lncRNA";25921;4;"129720-179263";17;"Mus musculus"
"Gene_000499";"tRNA";15514;5;"45863-69337";5;"Homo sapiens"
"Gene_000500";"rRNA";957;5;"673593-695578";13;"Bos taurus"
"Gene_000501";"lncRNA";39969;2;"516732-560183";2;"Sus scrofa"
"Gene_000502";"lncRNA";48344;1;"140092-155728";3;"Bos taurus"
"Gene_000503";"rRNA";11325;1;"799519-810318";10;"Homo sapiens"
"Gene_000504";"protein_coding";46904;5;"190138-204003";11;"Homo sapiens"
"Gene_000505";"lncRNA";39342;2;"788121-807474";20;"Sus scrofa"
"Gene_000506";"protein_coding";37186;2;"328286-332020";9;"Homo sapiens"
"Gene_000507";"lncRNA";18713;4;"737818-745130";1;"Homo sapiens"
"Gene_000508";"snRNA";17804;3;"82575-112937";3;"Sus scrofa"
"Gene_000509";"snRNA";31801;4;"849060-857844";5;"Homo sapiens"
"Gene_000510";"snRNA";40563;2;"389265-391968";5;"Mus musculus"
"Gene_000511";"protein_coding";48454;3;"40840-79014";10;"Bos taurus"
"Gene_000512";"protein_coding";44550;3;"711415-721644";1;"Bos taurus"
"Gene_000513";"tRNA";10487;5;"958223-978638";15;"Sus scrofa"
"Gene_000514";"snRNA";1422;1;"983417-1032510";13;"Sus scrofa"
"Gene_000515";"lncRNA";10354;5;"891183-891789";14;"Bos taurus"
"Gene_000516";"snRNA";17972;3;"127575-139094";2;"Homo sapiens"
"Gene_000517";"tRNA";41740;1;"292550-328157";19;"Sus scrofa"
"Gene_000518";"tRNA";31383;3;"951283-970587";16;"Bos taurus"
"Gene_000519";"snRNA";33096;1;"875392-904891";3;"Sus scrofa"
"Gene_000520";"protein_coding";6836;2;"190762-208531";15;"Sus scrofa"
"Gene_000521";"lncRNA";2843;2;"767451-797324";19;"Homo sapiens"
"Gene_000522";"snRNA";40387;1;"20908-23822";1;"Homo sapiens"
"Gene_000523";"lncRNA";30437;5;"194085-235878";2;"Bos taurus"
"Gene_000524";"lncRNA";26842;2;"842219-849111";10;"Homo sapiens"
"Gene_000525";"snRNA";26136;1;"230673-275410";11;"Sus scrofa"
"Gene_000526";"tRNA";39959;1;"121685-146455";18;"Homo sapiens"
"Gene_000527";"protein_coding";18869;5;"87743-109830";11;"Sus scrofa"
"Gene_000528";"snRNA";25125;2;"925832-971630";9;"Bos taurus"
"Gene_000529";"rRNA";3556;4;"849725-872620";18;"Mus musculus"
"Gene_000530";"protein_coding";11278;1;"460673-462032";13;"Bos taurus"
"Gene_000531";"protein_coding";38991;3;"778374-793474";15;"Bos taurus"
"Gene_000532";"tRNA";43947;1;"78324-114621";12;"Homo sapiens"
"Gene_000533";"lncRNA";7625;5;"682222-692587";7;"Sus scrofa"
"Gene_000534";"lncRNA";36483;2;"239743-268305";8;"Mus musculus"
"Gene_000535";"protein_coding";48734;1;"447922-458698";13;"Sus scrofa"
"Gene_000536";"snRNA";47586;2;"853548-894411";13;"Sus scrofa"
"Gene_000537";"lncRNA";35931;3;"368191-392763";15;"Homo sapiens"
"Gene_000538";"tRNA";16357;5;"977182-1012943";13;"Bos taurus"
"Gene_000539";"lncRNA";42007;3;"324635-362605";5;"Homo sapiens"
"Gene_000540";"lncRNA";8375;4;"813997-856223";4;"Bos taurus"
"Gene_000541";"tRNA";29226;4;"783919-809226";8;"Homo sapiens"
"Gene_000542";"lncRNA";11045;4;"710901-715610";13;"Mus musculus"
"Gene_000543";"snRNA";27149;3;"1849-28187";12;"Sus scrofa"
"Gene_000544";"tRNA";41259;2;"664306-697985";5;"Bos taurus"
"Gene_000545";"tRNA";45655;3;"617464-623024";13;"Homo sapiens"
"Gene_000546";"lncRNA";49962;2;"393961-430851";18;"Sus scrofa"
"Gene_000547";"tRNA";18233;5;"698673-700918";3;"Mus musculus"
"Gene_000548";"tRNA";36585;2;"148920-192730";8;"Bos taurus"
"Gene_000549";"lncRNA";5464;5;"495474-525390";18;"Mus musculus"
"Gene_000550";"rRNA";10825;4;"618038-626044";11;"Bos taurus"
"Gene_000551";"protein_coding";6682;4;"107650-137978";7;"Mus musculus"
"Gene_000552";"lncRNA";46034;5;"551968-579319";11;"Mus musculus"
"Gene_000553";"tRNA";27276;2;"173881-189915";6;"Homo sapiens"
"Gene_000554";"tRNA";16477;2;"944893-967844";13;"Homo sapiens"
"Gene_000555";"snRNA";33382;1;"2474-5203";10;"Mus musculus"
"Gene_000556";"protein_coding";1051;4;"283074-292620";16;"Homo sapiens"
"Gene_000557";"protein_coding";16229;4;"505032-543284";8;"Mus musculus"
"Gene_000558";"lncRNA";46069;1;"889340-906279";19;"Mus musculus"
"Gene_000559";"tRNA";1599;5;"910696-929837";2;"Sus scrofa"
"Gene_000560";"tRNA";19077;5;"347654-358250";17;"Bos taurus"
"Gene_000561";"rRNA";11513;3;"862629-876054";2;"Sus scrofa"
"Gene_000562";"lncRNA";7107;2;"226084-255348";20;"Bos taurus"
"Gene_000563";"rRNA";48513;4;"458833-504976";6;"Sus scrofa"
"Gene_000564";"lncRNA";13599;2;"219241-246609";3;"Bos taurus"
"Gene_000565";"snRNA";47330;1;"421525-434015";18;"Sus scrofa"
"Gene_000566";"snRNA";48559;3;"353460-371032";1;"Bos taurus"
"Gene_000567";"snRNA";26453;5;"186290-227032";18;"Bos taurus"
"Gene_000568";"tRNA";11852;3;"359184-375036";19;"Homo sapiens"
"Gene_000569";"tRNA";37682;5;"431256-456256";8;"Homo sapiens"
"Gene_000570";"protein_coding";31889;3;"225332-232880";5;"Sus scrofa"
"Gene_000571";"tRNA";18050;5;"50649-90556";14;"Mus musculus"
"Gene_000572";"snRNA";9222;4;"506835-553441";17;"Sus scrofa"
"Gene_000573";"rRNA";24132;2;"389750-409896";3;"Bos taurus"
"Gene_000574";"protein_coding";14188;1;"259367-270471";15;"Bos taurus"
"Gene_000575";"protein_coding";18182;5;"780203-796581";16;"Sus scrofa"
"Gene_000576";"tRNA";17435;3;"677914-702675";17;"Mus musculus"
"Gene_000577";"tRNA";29999;5;"475879-479199";9;"Sus scrofa"
"Gene_000578";"snRNA";28387;4;"920648-958765";5;"Sus scrofa"
"Gene_000579";"snRNA";35210;5;"732873-781847";12;"Mus musculus"
"Gene_000580";"rRNA";2548;3;"48395-70991";4;"Bos taurus"
"Gene_000581";"protein_coding";41473;1;"987626-999512";16;"Homo sapiens"
"Gene_000582";"rRNA";34031;5;"861442-881647";1;"Mus musculus"
"Gene_000583";"snRNA";20126;1;"78054-105129";20;"Homo sapiens"
"Gene_000584";"snRNA";7391;3;"780706-808170";19;"Sus scrofa"
"Gene_000585";"lncRNA";16623;4;"566148-596219";6;"Homo sapiens"
"Gene_000586";"rRNA";47103;2;"827418-837720";9;"Sus scrofa"
"Gene_000587";"tRNA";42925;3;"498388-511097";8;"Sus scrofa"
"Gene_000588";"protein_coding";24636;1;"636539-641310";1;"Mus musculus"
"Gene_000589";"tRNA";14120;1;"558116-593230";14;"Homo sapiens"
"Gene_000590";"tRNA";41002;4;"31037-63012";13;"Bos taurus"
"Gene_000591";"lncRNA";45126;1;"676693-704978";11;"Homo sapiens"
"Gene_000592";"rRNA";10542;3;"978271-1027338";10;"Homo sapiens"
"Gene_000593";"protein_coding";10686;3;"189139-223499";16;"Mus musculus"
"Gene_000594";"tRNA";33411;1;"86363-106676";12;"Homo sapiens"
"Gene_000595";"lncRNA";45266;2;"226097-230379";6;"Sus scrofa"
"Gene_000596";"tRNA";44355;3;"418627-441977";19;"Homo sapiens"
"Gene_000597";"snRNA";8756;2;"702003-744600";2;"Sus scrofa"
"Gene_000598";"tRNA";27774;4;"260815-299351";10;"Sus scrofa"
"Gene_000599";"lncRNA";14854;5;"454211-503259";3;"Homo sapiens"
"Gene_000600";"tRNA";21537;5;"968910-997100";16;"Sus scrofa"
"Gene_000601";"tRNA";9887;5;"550353-568670";9;"Mus musculus"
"Gene_000602";"lncRNA";22722;1;"532577-562563";15;"Mus musculus"
"Gene_000603";"snRNA";18715;3;"76972-120852";14;"Homo sapiens"
"Gene_000604";"snRNA";40026;5;"110135-133522";6;"Bos taurus"
"Gene_000605";"protein_coding";4114;4;"979216-1018940";1;"Homo sapiens"
"Gene_000606";"rRNA";48615;5;"398489-440653";10;"Mus musculus"
"Gene_000607";"snRNA";6839;5;"995566-1017780";4;"Homo sapiens"
"Gene_000608";"rRNA";30105;1;"461101-508943";10;"Sus scrofa"
"Gene_000609";"protein_coding";15993;5;"849016-855085";3;"Mus musculus"
"Gene_000610";"tRNA";13344;2;"415924-435396";4;"Mus musculus"
"Gene_000611";"snRNA";30802;5;"831273-871093";6;"Homo sapiens"
"Gene_000612";"rRNA";19203;4;"984372-1012813";5;"Mus musculus"
"Gene_000613";"lncRNA";1081;3;"34320-62311";15;"Homo sapiens"
"Gene_000614";"lncRNA";9374;4;"265122-309566";15;"Homo sapiens"
"Gene_000615";"tRNA";37007;2;"890971-924913";10;"Mus musculus"
"Gene_000616";"protein_coding";29630;3;"164676-174220";3;"Homo sapiens"
"Gene_000617";"lncRNA";3674;2;"915074-915811";6;"Bos taurus"
"Gene_000618";"tRNA";243;1;"40080-60930";18;"Sus scrofa"
"Gene_000619";"tRNA";14398;4;"756321-785934";2;"Homo sapiens"
"Gene_000620";"snRNA";31050;4;"372678-389936";16;"Sus scrofa"
"Gene_000621";"rRNA";6511;4;"304109-323331";2;"Homo sapiens"
"Gene_000622";"lncRNA";1542;3;"238761-263951";11;"Sus scrofa"
"Gene_000623";"lncRNA";16026;4;"703462-706570";7;"Homo sapiens"
"Gene_000624";"tRNA";19555;4;"265173-304357";9;"Sus scrofa"
"Gene_000625";"lncRNA";21467;5;"176647-188679";7;"Homo sapiens"
"Gene_000626";"rRNA";41239;1;"400495-434953";6;"Sus scrofa"
"Gene_000627";"snRNA";14419;5;"8549-15366";20;"Homo sapiens"
"Gene_000628";"protein_coding";28282;5;"32793-81090";6;"Sus scrofa"
"Gene_000629";"snRNA";11960;5;"506744-511333";18;"Homo sapiens"
"Gene_000630";"snRNA";7012;4;"219903-269493";20;"Mus musculus"
"Gene_000631";"snRNA";21213;3;"108934-110523";16;"Homo sapiens"
"Gene_000632";"rRNA";46578;4;"89710-107185";2;"Mus musculus"
"Gene_000633";"rRNA";14072;5;"24575-65679";5;"Bos taurus"
"Gene_000634";"rRNA";37907;1;"816349-828185";1;"Sus scrofa"
"Gene_000635";"rRNA";46426;4;"121435-152506";17;"Sus scrofa"
"Gene_000636";"lncRNA";36954;4;"510193-552343";5;"Bos taurus"
"Gene_000637";"protein_coding";45819;2;"976822-991337";15;"Bos taurus"
"Gene_000638";"snRNA";43840;2;"340929-377578";5;"Sus scrofa"
"Gene_000639";"protein_coding";47657;1;"655456-661464";2;"Sus scrofa"
"Gene_000640";"protein_coding";877;3;"198173-243150";12;"Mus musculus"
"Gene_000641";"lncRNA";20244;1;"562261-572906";13;"Homo sapiens"
"Gene_000642";"snRNA";43353;3;"27739-68771";1;"Sus scrofa"
"Gene_000643";"tRNA";43606;5;"854163-881870";20;"Homo sapiens"
"Gene_000644";"tRNA";7911;3;"41798-75393";12;"Mus musculus"
"Gene_000645";"tRNA";27898;2;"75547-87489";16;"Bos taurus"
"Gene_000646";"protein_coding";32487;1;"125026-130902";9;"Bos taurus"
"Gene_000647";"tRNA";6579;1;"96521-108700";20;"Bos taurus"
"Gene_000648";"lncRNA";41008;5;"653295-698483";10;"Mus musculus"
"Gene_000649";"lncRNA";43581;4;"794321-807320";11;"Homo sapiens"
"Gene_000650";"lncRNA";15553;3;"47772-69497";10;"Bos taurus"
"Gene_000651";"rRNA";27743;4;"38353-74583";19;"Bos taurus"
"Gene_000652";"snRNA";6763;3;"516136-544833";20;"Mus musculus"
"Gene_000653";"protein_coding";9025;5;"631551-665964";13;"Mus musculus"
"Gene_000654";"snRNA";25617;2;"391356-439639";7;"Bos taurus"
"Gene_000655";"protein_coding";2958;2;"864218-903981";1;"Mus musculus"
"Gene_000656";"protein_coding";23273;5;"610954-641374";10;"Homo sapiens"
"Gene_000657";"snRNA";19202;3;"109105-132917";13;"Sus scrofa"
"Gene_000658";"rRNA";30854;5;"282724-312407";20;"Bos taurus"
"Gene_000659";"tRNA";29127;2;"167286-176361";6;"Mus musculus"
"Gene_000660";"lncRNA";43739;5;"448401-484881";5;"Mus musculus"
"Gene_000661";"rRNA";12033;1;"601852-617612";13;"Mus musculus"
"Gene_000662";"protein_coding";1564;4;"10171-11970";7;"Sus scrofa"
"Gene_000663";"snRNA";4762;2;"455310-483086";10;"Homo sapiens"
"Gene_000664";"lncRNA";21982;5;"614744-626759";4;"Sus scrofa"
"Gene_000665";"lncRNA";3125;1;"576124-604512";7;"Bos taurus"
"Gene_000666";"tRNA";3490;4;"246111-269237";5;"Bos taurus"
"Gene_000667";"snRNA";27131;5;"193982-195210";10;"Sus scrofa"
"Gene_000668";"tRNA";49107;5;"483898-484955";19;"Bos taurus"
"Gene_000669";"rRNA";41060;1;"337684-357937";5;"Bos taurus"
"Gene_000670";"lncRNA";26694;4;"20091-24991";1;"Bos taurus"
"Gene_000671";"snRNA";2325;3;"47170-54143";4;"Sus scrofa"
"Gene_000672";"lncRNA";37913;4;"805323-825214";19;"Sus scrofa"
"Gene_000673";"rRNA";42604;4;"251586-298824";20;"Homo sapiens"
"Gene_000674";"snRNA";15683;4;"613249-645395";8;"Bos taurus"
"Gene_000675";"rRNA";19392;4;"94892-120660";7;"Homo sapiens"
"Gene_000676";"snRNA";908;5;"670690-693469";11;"Bos taurus"
"Gene_000677";"rRNA";16624;5;"321923-354816";1;"Bos taurus"
"Gene_000678";"lncRNA";5457;4;"914086-920791";13;"Bos taurus"
"Gene_000679";"lncRNA";16841;4;"468864-474318";11;"Mus musculus"
"Gene_000680";"rRNA";25678;4;"452032-454059";2;"Sus scrofa"
"Gene_000681";"rRNA";10891;1;"96820-124243";7;"Sus scrofa"
"Gene_000682";"tRNA";37777;2;"817175-836168";9;"Sus scrofa"
"Gene_000683";"rRNA";33611;3;"560551-576667";11;"Mus musculus"
"Gene_000684";"protein_coding";1973;2;"442547-448551";6;"Sus scrofa"
"Gene_000685";"rRNA";26773;3;"221518-234482";13;"Homo sapiens"
"Gene_000686";"snRNA";19804;3;"606791-654766";6;"Bos taurus"
"Gene_000687";"protein_coding";45526;3;"756024-758854";19;"Bos taurus"
"Gene_000688";"protein_coding";17113;4;"259245-306150";5;"Sus scrofa"
"Gene_000689";"snRNA";11334;4;"360272-365658";20;"Homo sapiens"
"Gene_000690";"protein_coding";19534;1;"880897-924528";20;"Sus scrofa"
"Gene_000691";"rRNA";33452;1;"771724-820945";2;"Bos taurus"
"Gene_000692";"lncRNA";25725;1;"682878-698436";10;"Sus scrofa"
"Gene_000693";"lncRNA";30676;5;"820048-845682";3;"Mus musculus"
"Gene_000694";"tRNA";44348;2;"220421-225221";3;"Mus musculus"
"Gene_000695";"snRNA";23075;1;"350409-367244";12;"Homo sapiens"
"Gene_000696";"tRNA";9036;2;"883498-924703";14;"Bos taurus"
"Gene_000697";"lncRNA";1961;4;"60562-94526";6;"Homo sapiens"
"Gene_000698";"protein_coding";46729;5;"907326-939816";3;"Mus musculus"
"Gene_000699";"tRNA";4528;4;"798099-846548";16;"Mus musculus"
"Gene_000700";"protein_coding";14900;5;"366708-402615";15;"Homo sapiens"
"Gene_000701";"tRNA";17514;3;"331597-374032";15;"Mus musculus"
"Gene_000702";"rRNA";42156;3;"699806-721676";4;"Bos taurus"
"Gene_000703";"protein_coding";8903;4;"895460-943768";18;"Mus musculus"
"Gene_000704";"snRNA";25266;2;"13490-56008";16;"Mus musculus"
"Gene_000705";"rRNA";22168;4;"752058-792782";1;"Sus scrofa"
"Gene_000706";"snRNA";20243;2;"756458-769487";7;"Mus musculus"
"Gene_000707";"rRNA";4898;4;"312546-323322";18;"Homo sapiens"
"Gene_000708";"tRNA";38337;5;"355397-400320";17;"Sus scrofa"
"Gene_000709";"protein_coding";15210;3;"940963-978561";17;"Sus scrofa"
"Gene_000710";"tRNA";25077;1;"170546-199939";9;"Mus musculus"
"Gene_000711";"protein_coding";18466;5;"487805-496484";11;"Sus scrofa"
"Gene_000712";"lncRNA";5685;2;"674362-690275";2;"Homo sapiens"
"Gene_000713";"snRNA";26055;4;"102884-145444";10;"Homo sapiens"
"Gene_000714";"rRNA";31113;2;"304261-325039";2;"Homo sapiens"
"Gene_000715";"lncRNA";22492;1;"577279-612089";5;"Mus musculus"
"Gene_000716";"protein_coding";22229;5;"45608-76854";14;"Bos taurus"
"Gene_000717";"lncRNA";47561;1;"286376-304655";8;"Mus musculus"
"Gene_000718";"rRNA";7559;3;"914909-924432";6;"Homo sapiens"
"Gene_000719";"protein_coding";2582;1;"71557-114800";8;"Mus musculus"
"Gene_000720";"tRNA";22947;5;"352912-362950";6;"Sus scrofa"
"Gene_000721";"lncRNA";44666;4;"281428-294745";8;"Sus scrofa"
"Gene_000722";"rRNA";11352;2;"68786-108113";18;"Sus scrofa"
"Gene_000723";"snRNA";7620;5;"326791-329160";13;"Mus musculus"
"Gene_000724";"tRNA";13383;2;"424288-437815";3;"Homo sapiens"
"Gene_000725";"tRNA";14102;3;"567361-578691";14;"Mus musculus"
"Gene_000726";"lncRNA";18030;5;"26318-41085";14;"Homo sapiens"
"Gene_000727";"lncRNA";40093;1;"139355-172553";8;"Homo sapiens"
"Gene_000728";"snRNA";23590;3;"729184-767107";6;"Homo sapiens"
"Gene_000729";"rRNA";16369;4;"305941-341342";20;"Mus musculus"
"Gene_000730";"rRNA";25741;3;"654927-702570";9;"Mus musculus"
"Gene_000731";"lncRNA";24812;5;"208035-255287";9;"Bos taurus"
"Gene_000732";"lncRNA";10229;4;"475764-486527";8;"Sus scrofa"
"Gene_000733";"protein_coding";19822;3;"928866-951685";5;"Mus musculus"
"Gene_000734";"snRNA";40928;4;"679213-697934";10;"Sus scrofa"
"Gene_000735";"snRNA";42810;3;"500740-513381";1;"Homo sapiens"
"Gene_000736";"rRNA";19387;4;"405041-433047";10;"Sus scrofa"
"Gene_000737";"protein_coding";27971;3;"559457-598138";12;"Homo sapiens"
"Gene_000738";"tRNA";48798;1;"992526-1017197";19;"Homo sapiens"
"Gene_000739";"lncRNA";9503;3;"312512-318532";1;"Bos taurus"
"Gene_000740";"snRNA";46574;4;"841440-856550";20;"Bos taurus"
"Gene_000741";"tRNA";964;2;"176308-191095";19;"Sus scrofa"
"Gene_000742";"protein_coding";5261;3;"51532-76223";3;"Mus musculus"
"Gene_000743";"tRNA";14994;3;"670182-711371";14;"Sus scrofa"
"Gene_000744";"protein_coding";4272;1;"206395-207263";16;"Sus scrofa"
"Gene_000745";"tRNA";3663;1;"839087-871714";6;"Sus scrofa"
"Gene_000746";"tRNA";1996;3;"335751-370161";3;"Mus musculus"
"Gene_000747";"lncRNA";47919;4;"556700-584013";18;"Bos taurus"
"Gene_000748";"tRNA";5508;2;"285426-334953";19;"Sus scrofa"
"Gene_000749";"lncRNA";3512;2;"572347-602254";18;"Mus musculus"
"Gene_000750";"rRNA";15796;5;"796660-835575";15;"Homo sapiens"
"Gene_000751";"rRNA";11714;5;"898974-945515";14;"Bos taurus"
"Gene_000752";"lncRNA";14714;2;"395225-408956";3;"Mus musculus"
"Gene_000753";"snRNA";40895;3;"78850-115771";8;"Bos taurus"
"Gene_000754";"tRNA";35961;3;"518940-538387";11;"Homo sapiens"
"Gene_000755";"lncRNA";40932;2;"690633-725139";12;"Bos taurus"
"Gene_000756";"rRNA";36659;3;"609256-645432";1;"Bos taurus"
"Gene_000757";"tRNA";34838;4;"470367-472526";1;"Sus scrofa"
"Gene_000758";"tRNA";44099;2;"477039-485439";12;"Mus musculus"
"Gene_000759";"rRNA";26060;2;"315250-323468";3;"Mus musculus"
"Gene_000760";"lncRNA";48098;1;"35445-57980";19;"Bos taurus"
"Gene_000761";"protein_coding";23766;4;"882872-930144";6;"Mus musculus"
"Gene_000762";"lncRNA";9846;2;"237886-252729";2;"Sus scrofa"
"Gene_000763";"snRNA";47141;3;"634702-669785";2;"Bos taurus"
"Gene_000764";"protein_coding";32367;1;"196218-207345";16;"Bos taurus"
"Gene_000765";"lncRNA";33601;5;"665427-686625";18;"Bos taurus"
"Gene_000766";"tRNA";34953;3;"801969-834965";15;"Sus scrofa"
"Gene_000767";"protein_coding";30087;4;"19990-45330";12;"Sus scrofa"
"Gene_000768";"snRNA";4743;1;"777530-802770";4;"Mus musculus"
"Gene_000769";"rRNA";32910;5;"70895-101249";12;"Sus scrofa"
"Gene_000770";"tRNA";43282;2;"129882-152934";3;"Homo sapiens"
"Gene_000771";"snRNA";40030;5;"187075-217483";15;"Homo sapiens"
"Gene_000772";"tRNA";1955;4;"587196-634534";11;"Homo sapiens"
"Gene_000773";"tRNA";37986;2;"410022-443808";1;"Sus scrofa"
"Gene_000774";"protein_coding";1451;2;"647358-652409";19;"Mus musculus"
"Gene_000775";"snRNA";36730;3;"188134-220316";9;"Sus scrofa"
"Gene_000776";"tRNA";38805;2;"814080-825111";11;"Bos taurus"
"Gene_000777";"protein_coding";17298;5;"854314-865812";2;"Mus musculus"
"Gene_000778";"lncRNA";43901;3;"530076-551973";20;"Homo sapiens"
"Gene_000779";"rRNA";49638;2;"842599-879536";9;"Bos taurus"
"Gene_000780";"protein_coding";15425;2;"831913-869923";20;"Sus scrofa"
"Gene_000781";"snRNA";40469;4;"780461-805080";15;"Homo sapiens"
"Gene_000782";"lncRNA";27555;2;"306770-345195";20;"Homo sapiens"
"Gene_000783";"protein_coding";21532;2;"52644-71392";12;"Mus musculus"
"Gene_000784";"tRNA";42632;3;"282702-311960";4;"Sus scrofa"
"Gene_000785";"rRNA";40209;2;"821796-839600";3;"Mus musculus"
"Gene_000786";"tRNA";7863;3;"101429-136693";14;"Homo sapiens"
"Gene_000787";"protein_coding";29547;5;"114966-152613";9;"Mus musculus"
"Gene_000788";"protein_coding";41575;5;"981819-1002697";10;"Mus musculus"
"Gene_000789";"snRNA";11457;4;"901177-907567";2;"Homo sapiens"
"Gene_000790";"lncRNA";18318;5;"972515-978333";14;"Sus scrofa"
"Gene_000791";"tRNA";33312;3;"2844-38637";20;"Homo sapiens"
"Gene_000792";"lncRNA";20503;3;"582520-624182";19;"Homo sapiens"
"Gene_000793";"snRNA";17147;2;"70478-88884";18;"Homo sapiens"
"Gene_000794";"lncRNA";45938;5;"949651-993292";10;"Bos taurus"
"Gene_000795";"rRNA";7666;1;"959995-982146";20;"Mus musculus"
"Gene_000796";"tRNA";23416;2;"437034-459586";3;"Sus scrofa"
"Gene_000797";"protein_coding";38848;1;"792104-802169";17;"Sus scrofa"
"Gene_000798";"snRNA";1561;5;"534975-577940";18;"Bos taurus"
"Gene_000799";"rRNA";5369;2;"560183-599797";17;"Homo sapiens"
"Gene_000800";"tRNA";3835;5;"158943-161473";19;"Mus musculus"
"Gene_000801";"snRNA";5984;2;"22433-64463";13;"Sus scrofa"
"Gene_000802";"rRNA";37041;5;"919865-938947";20;"Mus musculus"
"Gene_000803";"rRNA";27425;1;"475478-484732";6;"Mus musculus"
"Gene_000804";"lncRNA";4526;3;"776181-794086";2;"Bos taurus"
"Gene_000805";"tRNA";43331;2;"350977-366530";19;"Bos taurus"
"Gene_000806";"rRNA";25305;3;"909958-932805";4;"Homo sapiens"
"Gene_000807";"rRNA";30449;3;"535304-537849";16;"Bos taurus"
"Gene_000808";"protein_coding";19627;2;"709627-713061";17;"Mus musculus"
"Gene_000809";"tRNA";15812;2;"494179-538786";5;"Homo sapiens"
"Gene_000810";"rRNA";46788;5;"150222-170092";13;"Sus scrofa"
"Gene_000811";"snRNA";28719;1;"716380-742467";5;"Bos taurus"
"Gene_000812";"protein_coding";30164;4;"43815-61311";7;"Homo sapiens"
"Gene_000813";"tRNA";14270;2;"695547-703064";7;"Homo sapiens"
"Gene_000814";"snRNA";1352;3;"115347-122367";14;"Sus scrofa"
"Gene_000815";"tRNA";39768;1;"338515-378667";18;"Sus scrofa"
"Gene_000816";"lncRNA";49427;3;"628699-638123";8;"Bos taurus"
"Gene_000817";"protein_coding";9598;5;"176687-182916";20;"Homo sapiens"
"Gene_000818";"lncRNA";19655;2;"585810-590573";17;"Mus musculus"
"Gene_000819";"tRNA";46857;3;"421282-431417";9;"Mus musculus"
"Gene_000820";"protein_coding";42392;5;"380580-420499";7;"Sus scrofa"
"Gene_000821";"snRNA";6083;3;"713972-719247";9;"Homo sapiens"
"Gene_000822";"snRNA";35430;3;"286814-322928";14;"Homo sapiens"
"Gene_000823";"protein_coding";41864;1;"159223-176241";9;"Sus scrofa"
"Gene_000824";"tRNA";18733;3;"937237-982474";1;"Bos taurus"
"Gene_000825";"rRNA";4747;3;"681971-723467";14;"Bos taurus"
"Gene_000826";"tRNA";5283;1;"58601-67716";3;"Homo sapiens"
"Gene_000827";"protein_coding";46113;1;"721777-755416";18;"Mus musculus"
"Gene_000828";"protein_coding";29524;2;"80686-113096";15;"Bos taurus"
"Gene_000829";"tRNA";45103;1;"999369-1029945";13;"Homo sapiens"
"Gene_000830";"protein_coding";23827;5;"125356-172772";11;"Homo sapiens"
"Gene_000831";"rRNA";5137;3;"229367-247899";18;"Sus scrofa"
"Gene_000832";"snRNA";30748;2;"580910-587205";2;"Sus scrofa"
"Gene_000833";"rRNA";9883;2;"528644-555348";15;"Homo sapiens"
"Gene_000834";"snRNA";19043;2;"42219-72854";16;"Sus scrofa"
"Gene_000835";"tRNA";48852;4;"833949-849331";2;"Mus musculus"
"Gene_000836";"rRNA";45427;4;"43430-80925";16;"Bos taurus"
"Gene_000837";"snRNA";24560;5;"953726-981614";7;"Mus musculus"
"Gene_000838";"lncRNA";45159;2;"184752-228847";4;"Mus musculus"
"Gene_000839";"tRNA";11531;3;"143000-149424";4;"Bos taurus"
"Gene_000840";"protein_coding";42492;3;"693620-707037";12;"Bos taurus"
"Gene_000841";"tRNA";30914;1;"525385-558034";7;"Mus musculus"
"Gene_000842";"lncRNA";31499;5;"213833-218835";17;"Homo sapiens"
"Gene_000843";"rRNA";23121;1;"343728-375699";11;"Sus scrofa"
"Gene_000844";"snRNA";33177;5;"9008-44216";19;"Bos taurus"
"Gene_000845";"tRNA";49064;3;"20681-36012";5;"Bos taurus"
"Gene_000846";"rRNA";16473;1;"774244-816829";15;"Sus scrofa"
"Gene_000847";"tRNA";32015;5;"698865-743434";4;"Mus musculus"
"Gene_000848";"tRNA";1517;4;"188685-225386";11;"Sus scrofa"
"Gene_000849";"tRNA";17889;3;"453832-498542";8;"Homo sapiens"
"Gene_000850";"tRNA";12012;2;"23748-63272";17;"Bos taurus"
"Gene_000851";"snRNA";43085;2;"297970-343697";9;"Bos taurus"
"Gene_000852";"tRNA";15395;5;"301854-305656";14;"Mus musculus"
"Gene_000853";"rRNA";34978;5;"545030-572909";7;"Sus scrofa"
"Gene_000854";"snRNA";47658;4;"536532-554450";20;"Sus scrofa"
"Gene_000855";"snRNA";21503;3;"808858-818861";5;"Homo sapiens"
"Gene_000856";"tRNA";29071;3;"303386-333410";12;"Bos taurus"
"Gene_000857";"protein_coding";10517;3;"15844-34025";19;"Homo sapiens"
"Gene_000858";"protein_coding";48162;3;"469559-501489";12;"Mus musculus"
"Gene_000859";"tRNA";41308;5;"868611-869830";14;"Mus musculus"
"Gene_000860";"lncRNA";45017;5;"303246-326892";20;"Mus musculus"
"Gene_000861";"lncRNA";7727;4;"330418-374768";11;"Homo sapiens"
"Gene_000862";"protein_coding";14668;5;"328862-367493";3;"Bos taurus"
"Gene_000863";"protein_coding";28469;2;"957230-988524";7;"Sus scrofa"
"Gene_000864";"snRNA";782;3;"54760-77814";9;"Homo sapiens"
"Gene_000865";"protein_coding";7383;2;"192210-227387";6;"Sus scrofa"
"Gene_000866";"lncRNA";10381;2;"817639-832827";11;"Mus musculus"
"Gene_000867";"lncRNA";2444;4;"214478-221666";20;"Homo sapiens"
"Gene_000868";"rRNA";17728;5;"983040-996122";5;"Homo sapiens"
"Gene_000869";"protein_coding";4473;4;"673223-680578";19;"Mus musculus"
"Gene_000870";"rRNA";4885;3;"432763-464759";12;"Sus scrofa"
"Gene_000871";"protein_coding";38248;4;"433342-445791";14;"Bos taurus"
"Gene_000872";"lncRNA";5282;3;"568514-569673";8;"Homo sapiens"
"Gene_000873";"rRNA";15951;4;"887552-932111";7;"Bos taurus"
"Gene_000874";"rRNA";12699;4;"718581-759350";4;"Homo sapiens"
"Gene_000875";"tRNA";25575;1;"886506-923334";18;"Homo sapiens"
"Gene_000876";"tRNA";23387;4;"270991-308307";13;"Mus musculus"
"Gene_000877";"snRNA";18863;2;"813240-831169";4;"Mus musculus"
"Gene_000878";"snRNA";28491;1;"563412-574924";10;"Homo sapiens"
"Gene_000879";"rRNA";40987;4;"625438-636086";16;"Homo sapiens"
"Gene_000880";"protein_coding";3286;1;"239845-272600";17;"Mus musculus"
"Gene_000881";"lncRNA";25272;1;"699945-703274";10;"Mus musculus"
"Gene_000882";"rRNA";28906;1;"99639-111493";10;"Sus scrofa"
"Gene_000883";"rRNA";17643;5;"269777-281112";17;"Sus scrofa"
"Gene_000884";"snRNA";34955;4;"873820-880105";11;"Homo sapiens"
"Gene_000885";"protein_coding";38206;2;"293718-327565";3;"Sus scrofa"
"Gene_000886";"snRNA";45051;1;"676098-719040";15;"Bos taurus"
"Gene_000887";"lncRNA";48671;4;"861384-904892";6;"Mus musculus"
"Gene_000888";"protein_coding";41649;2;"350659-391368";17;"Sus scrofa"
"Gene_000889";"rRNA";18800;4;"958997-961212";3;"Homo sapiens"
"Gene_000890";"tRNA";3669;4;"108014-153064";2;"Mus musculus"
"Gene_000891";"lncRNA";33712;3;"365701-371906";7;"Bos taurus"
"Gene_000892";"tRNA";25528;4;"340262-362315";7;"Sus scrofa"
"Gene_000893";"snRNA";1012;4;"855209-855867";2;"Homo sapiens"
"Gene_000894";"tRNA";1740;4;"689814-735059";4;"Sus scrofa"
"Gene_000895";"rRNA";12237;1;"339603-373921";2;"Sus scrofa"
"Gene_000896";"lncRNA";14592;2;"781780-802398";4;"Mus musculus"
"Gene_000897";"snRNA";15797;3;"52879-91196";12;"Mus musculus"
"Gene_000898";"lncRNA";4439;1;"799499-846316";2;"Sus scrofa"
"Gene_000899";"lncRNA";29295;5;"84437-108307";13;"Mus musculus"
"Gene_000900";"snRNA";45506;1;"217856-226659";16;"Sus scrofa"
"Gene_000901";"lncRNA";47448;5;"422690-434280";14;"Sus scrofa"
"Gene_000902";"lncRNA";28992;2;"845413-885288";14;"Mus musculus"
"Gene_000903";"rRNA";49400;2;"752755-779479";9;"Sus scrofa"
"Gene_000904";"rRNA";8632;3;"105867-133003";9;"Homo sapiens"
"Gene_000905";"tRNA";44687;2;"252780-261660";13;"Sus scrofa"
"Gene_000906";"protein_coding";32539;5;"939620-941404";17;"Bos taurus"
"Gene_000907";"snRNA";32564;3;"330016-375530";11;"Homo sapiens"
"Gene_000908";"tRNA";18959;3;"614817-626341";17;"Mus musculus"
"Gene_000909";"rRNA";48275;5;"659967-703106";14;"Sus scrofa"
"Gene_000910";"lncRNA";34177;1;"439300-460269";2;"Mus musculus"
"Gene_000911";"protein_coding";29113;2;"746550-762764";11;"Mus musculus"
"Gene_000912";"protein_coding";20083;2;"382516-409303";9;"Mus musculus"
"Gene_000913";"snRNA";1202;2;"728239-737688";14;"Mus musculus"
"Gene_000914";"snRNA";31575;3;"171414-173867";18;"Homo sapiens"
"Gene_000915";"rRNA";48623;1;"418459-431621";9;"Bos taurus"
"Gene_000916";"lncRNA";43698;5;"995881-1027885";15;"Mus musculus"
"Gene_000917";"tRNA";17996;2;"693404-696767";2;"Sus scrofa"
"Gene_000918";"snRNA";21818;1;"529712-555909";12;"Homo sapiens"
"Gene_000919";"snRNA";23886;4;"142431-185200";14;"Sus scrofa"
"Gene_000920";"protein_coding";7296;1;"147591-164269";15;"Bos taurus"
"Gene_000921";"rRNA";47704;4;"326330-332953";8;"Mus musculus"
"Gene_000922";"tRNA";40278;3;"502173-529609";19;"Mus musculus"
"Gene_000923";"protein_coding";33311;2;"273697-315386";20;"Bos taurus"
"Gene_000924";"tRNA";47654;3;"982084-1020262";8;"Bos taurus"
"Gene_000925";"protein_coding";177;4;"419880-449319";18;"Mus musculus"
"Gene_000926";"lncRNA";22157;1;"89158-127396";2;"Mus musculus"
"Gene_000927";"protein_coding";5335;2;"820965-864085";18;"Sus scrofa"
"Gene_000928";"lncRNA";4601;3;"157665-191903";20;"Mus musculus"
"Gene_000929";"rRNA";8313;1;"267513-267943";17;"Sus scrofa"
"Gene_000930";"lncRNA";46723;2;"402472-437011";11;"Bos taurus"
"Gene_000931";"protein_coding";49143;5;"47514-72692";9;"Bos taurus"
"Gene_000932";"tRNA";35870;1;"492755-542245";12;"Bos taurus"
"Gene_000933";"rRNA";4122;5;"201104-201332";11;"Bos taurus"
"Gene_000934";"lncRNA";2208;4;"849125-897470";6;"Sus scrofa"
"Gene_000935";"protein_coding";12912;5;"364901-371255";10;"Bos taurus"
"Gene_000936";"snRNA";9304;5;"487421-513638";18;"Bos taurus"
"Gene_000937";"lncRNA";1108;4;"338324-367865";1;"Bos taurus"
"Gene_000938";"protein_coding";47341;1;"793943-826085";13;"Sus scrofa"
"Gene_000939";"snRNA";41587;5;"74326-81437";5;"Homo sapiens"
"Gene_000940";"rRNA";30684;1;"827396-847043";20;"Mus musculus"
"Gene_000941";"snRNA";41936;5;"770563-792282";11;"Sus scrofa"
"Gene_000942";"rRNA";41944;1;"787185-802319";18;"Sus scrofa"
"Gene_000943";"lncRNA";22657;2;"922177-924335";15;"Bos taurus"
"Gene_000944";"tRNA";9031;1;"199246-231731";18;"Sus scrofa"
"Gene_000945";"rRNA";11767;4;"945339-969190";6;"Homo sapiens"
"Gene_000946";"lncRNA";13127;3;"933946-951090";20;"Bos taurus"
"Gene_000947";"snRNA";21998;5;"779665-818182";15;"Sus scrofa"
"Gene_000948";"protein_coding";7027;1;"230188-258245";19;"Bos taurus"
"Gene_000949";"snRNA";46595;4;"649681-650636";18;"Homo sapiens"
"Gene_000950";"snRNA";43026;4;"448860-498526";11;"Bos taurus"
"Gene_000951";"lncRNA";36808;5;"808794-838017";18;"Sus scrofa"
"Gene_000952";"tRNA";36869;1;"386373-404680";16;"Bos taurus"
"Gene_000953";"tRNA";45338;5;"743079-763764";7;"Homo sapiens"
"Gene_000954";"protein_coding";43797;2;"761955-803242";9;"Bos taurus"
"Gene_000955";"protein_coding";33277;5;"664234-684266";10;"Bos taurus"
"Gene_000956";"rRNA";34302;4;"45657-53576";12;"Mus musculus"
"Gene_000957";"tRNA";5518;5;"210128-215427";4;"Homo sapiens"
"Gene_000958";"rRNA";12261;2;"308412-346761";12;"Bos taurus"
"Gene_000959";"protein_coding";18044;1;"703693-704122";19;"Sus scrofa"
"Gene_000960";"tRNA";4390;5;"749967-761805";7;"Bos taurus"
"Gene_000961";"snRNA";46225;5;"755036-768259";4;"Homo sapiens"
"Gene_000962";"tRNA";24795;3;"131750-162653";6;"Bos taurus"
"Gene_000963";"snRNA";31874;4;"878848-927029";14;"Homo sapiens"
"Gene_000964";"tRNA";37830;3;"292554-320873";17;"Bos taurus"
"Gene_000965";"tRNA";31171;3;"187710-199951";7;"Sus scrofa"
"Gene_000966";"lncRNA";34897;1;"419657-451120";13;"Homo sapiens"
"Gene_000967";"rRNA";33884;5;"749532-760274";6;"Mus musculus"
"Gene_000968";"rRNA";32334;4;"186208-234024";12;"Sus scrofa"
"Gene_000969";"snRNA";18689;3;"343935-376441";10;"Homo sapiens"
"Gene_000970";"tRNA";12834;2;"214934-263244";3;"Homo sapiens"
"Gene_000971";"lncRNA";468;3;"73360-122073";20;"Sus scrofa"
"Gene_000972";"rRNA";11629;3;"675440-680352";20;"Homo sapiens"
"Gene_000973";"lncRNA";9516;2;"676460-704786";12;"Homo sapiens"
"Gene_000974";"rRNA";7948;1;"105231-127790";16;"Mus musculus"
"Gene_000975";"protein_coding";33652;1;"542087-548891";6;"Bos taurus"
"Gene_000976";"snRNA";17683;5;"223376-244410";18;"Sus scrofa"
"Gene_000977";"lncRNA";161;2;"562982-592801";13;"Homo sapiens"
"Gene_000978";"snRNA";40981;1;"543033-574302";16;"Mus musculus"
"Gene_000979";"rRNA";30716;4;"581771-593165";18;"Mus musculus"
"Gene_000980";"tRNA";20765;4;"424921-451045";1;"Homo sapiens"
"Gene_000981";"tRNA";29666;4;"395108-433203";11;"Homo sapiens"
"Gene_000982";"lncRNA";23285;1;"77037-110019";3;"Mus musculus"
"Gene_000983";"protein_coding";32048;3;"336685-355279";16;"Homo sapiens"
"Gene_000984";"lncRNA";44793;3;"886886-904765";4;"Mus musculus"
"Gene_000985";"snRNA";9223;4;"739984-752666";20;"Mus musculus"
"Gene_000986";"tRNA";35845;4;"344512-371074";1;"Homo sapiens"
"Gene_000987";"tRNA";29491;4;"984728-1004315";17;"Homo sapiens"
"Gene_000988";"tRNA";44623;4;"595766-615760";13;"Bos taurus"
"Gene_000989";"tRNA";42981;4;"714188-725263";4;"Mus musculus"
"Gene_000990";"lncRNA";11490;4;"620756-647385";4;"Mus musculus"
"Gene_000991";"tRNA";29836;4;"358508-390910";5;"Mus musculus"
"Gene_000992";"rRNA";41750;4;"651418-655992";6;"Bos taurus"
"Gene_000993";"protein_coding";17669;3;"778737-792156";19;"Mus musculus"
"Gene_000994";"rRNA";17704;3;"153245-201169";8;"Mus musculus"
"Gene_000995";"rRNA";31168;5;"117488-125750";4;"Bos taurus"
"Gene_000996";"lncRNA";8420;1;"977046-997232";4;"Homo sapiens"
"Gene_000997";"protein_coding";49500;5;"9623-49715";6;"Mus musculus"
"Gene_000998";"lncRNA";30636;3;"786076-800758";3;"Bos taurus"
"Gene_000999";"protein_coding";8261;2;"583945-615495";17;"Mus musculus"
"Gene_001000";"tRNA";37013;3;"964315-987257";18;"Homo sapiens"
"Gene_001001";"protein_coding";47918;4;"377001-415948";18;"Homo sapiens"
"Gene_001002";"lncRNA";19225;4;"677204-680709";18;"Homo sapiens"
"Gene_001003";"rRNA";30819;4;"869463-918741";20;"Mus musculus"
"Gene_001004";"snRNA";19020;5;"62575-70276";13;"Sus scrofa"
"Gene_001005";"protein_coding";32860;3;"529200-536089";2;"Sus scrofa"
"Gene_001006";"snRNA";45796;4;"812410-856326";12;"Sus scrofa"
"Gene_001007";"rRNA";7969;3;"351755-366090";15;"Mus musculus"
"Gene_001008";"lncRNA";46149;5;"932416-975980";6;"Homo sapiens"
"Gene_001009";"lncRNA";8985;2;"691952-714311";1;"Sus scrofa"
"Gene_001010";"tRNA";44721;1;"934494-939901";20;"Sus scrofa"
"Gene_001011";"tRNA";38094;5;"288382-334335";6;"Mus musculus"
"Gene_001012";"snRNA";37095;4;"830385-859300";1;"Mus musculus"
"Gene_001013";"snRNA";6885;2;"462120-503004";3;"Homo sapiens"
"Gene_001014";"tRNA";44329;4;"937280-984165";13;"Mus musculus"
"Gene_001015";"tRNA";48453;4;"552362-590439";8;"Mus musculus"
"Gene_001016";"tRNA";42945;4;"950995-953265";2;"Bos taurus"
"Gene_001017";"rRNA";18100;1;"48074-67021";3;"Bos taurus"
"Gene_001018";"snRNA";21774;1;"876927-896071";19;"Bos taurus"
"Gene_001019";"snRNA";16079;5;"644478-659506";15;"Homo sapiens"
"Gene_001020";"protein_coding";10687;5;"927310-949274";1;"Bos taurus"
"Gene_001021";"snRNA";43837;4;"995214-1024880";4;"Homo sapiens"
"Gene_001022";"snRNA";43640;3;"477137-509212";19;"Homo sapiens"
"Gene_001023";"lncRNA";27460;2;"771998-774605";16;"Mus musculus"
"Gene_001024";"snRNA";47280;2;"80901-121535";3;"Bos taurus"
"Gene_001025";"lncRNA";25084;4;"378163-378647";1;"Bos taurus"
"Gene_001026";"protein_coding";38628;3;"960229-995730";1;"Bos taurus"
"Gene_001027";"snRNA";11265;2;"355096-362758";6;"Bos taurus"
"Gene_001028";"tRNA";2147;4;"530076-559933";14;"Sus scrofa"
"Gene_001029";"lncRNA";12485;3;"600367-610993";1;"Mus musculus"
"Gene_001030";"protein_coding";30393;5;"81242-122765";8;"Bos taurus"
"Gene_001031";"lncRNA";20651;2;"639134-679404";19;"Mus musculus"
"Gene_001032";"tRNA";44720;4;"375421-375833";14;"Sus scrofa"
"Gene_001033";"rRNA";37822;1;"705262-723719";5;"Mus musculus"
"Gene_001034";"lncRNA";44114;4;"16370-58025";3;"Bos taurus"
"Gene_001035";"lncRNA";14370;1;"193100-199691";5;"Sus scrofa"
"Gene_001036";"lncRNA";35511;3;"752543-784048";15;"Mus musculus"
"Gene_001037";"rRNA";44516;5;"759189-779385";3;"Sus scrofa"
"Gene_001038";"snRNA";40921;3;"974686-1014814";2;"Sus scrofa"
"Gene_001039";"tRNA";41899;2;"230970-269368";12;"Homo sapiens"
"Gene_001040";"snRNA";4761;2;"68522-69278";6;"Homo sapiens"
"Gene_001041";"protein_coding";24723;3;"794557-833913";12;"Mus musculus"
"Gene_001042";"protein_coding";42027;2;"162826-185933";18;"Homo sapiens"
"Gene_001043";"rRNA";36059;2;"769248-792335";14;"Mus musculus"
"Gene_001044";"lncRNA";14612;2;"3120-35024";12;"Homo sapiens"
"Gene_001045";"snRNA";22496;3;"618921-644141";14;"Bos taurus"
"Gene_001046";"rRNA";3197;1;"244301-254033";11;"Bos taurus"
"Gene_001047";"rRNA";36503;2;"793481-843028";8;"Bos taurus"
"Gene_001048";"snRNA";35775;2;"200407-219448";8;"Sus scrofa"
"Gene_001049";"lncRNA";18515;1;"34520-77290";2;"Homo sapiens"
"Gene_001050";"lncRNA";41997;2;"727576-764007";6;"Mus musculus"
"Gene_001051";"tRNA";8217;2;"437592-487337";5;"Mus musculus"
"Gene_001052";"tRNA";15496;5;"706583-738201";10;"Sus scrofa"
"Gene_001053";"snRNA";12191;3;"151247-151618";1;"Homo sapiens"
"Gene_001054";"snRNA";47582;5;"84889-119749";8;"Sus scrofa"
"Gene_001055";"tRNA";40907;2;"642314-683443";9;"Mus musculus"
"Gene_001056";"rRNA";34310;3;"92464-136830";20;"Homo sapiens"
"Gene_001057";"snRNA";38820;1;"960643-997474";9;"Homo sapiens"
"Gene_001058";"tRNA";22506;4;"217102-256358";6;"Homo sapiens"
"Gene_001059";"snRNA";14783;5;"599093-599176";4;"Bos taurus"
"Gene_001060";"lncRNA";23247;5;"537461-574963";10;"Sus scrofa"
"Gene_001061";"protein_coding";7646;2;"26410-32901";14;"Homo sapiens"
"Gene_001062";"snRNA";33229;4;"157180-165373";7;"Mus musculus"
"Gene_001063";"rRNA";33807;1;"576888-601011";19;"Sus scrofa"
"Gene_001064";"tRNA";19548;5;"263965-265052";5;"Homo sapiens"
"Gene_001065";"tRNA";27181;4;"327748-371904";16;"Homo sapiens"
"Gene_001066";"rRNA";39770;5;"159411-166114";16;"Mus musculus"
"Gene_001067";"tRNA";13519;1;"271069-297165";17;"Sus scrofa"
"Gene_001068";"lncRNA";42709;4;"455534-499702";20;"Sus scrofa"
"Gene_001069";"rRNA";859;3;"396663-427708";10;"Homo sapiens"
"Gene_001070";"lncRNA";3492;2;"492095-523245";6;"Mus musculus"
"Gene_001071";"protein_coding";28542;5;"901353-921219";16;"Bos taurus"
"Gene_001072";"rRNA";1361;3;"213117-253679";8;"Mus musculus"
"Gene_001073";"rRNA";31993;1;"204055-238487";2;"Sus scrofa"
"Gene_001074";"tRNA";17444;4;"32204-59236";3;"Mus musculus"
"Gene_001075";"rRNA";46854;4;"214985-259704";5;"Mus musculus"
"Gene_001076";"protein_coding";28639;3;"328791-356684";20;"Mus musculus"
"Gene_001077";"tRNA";10824;5;"936491-945364";3;"Bos taurus"
"Gene_001078";"rRNA";17519;4;"520563-550964";15;"Mus musculus"
"Gene_001079";"snRNA";28464;2;"41585-86513";1;"Homo sapiens"
"Gene_001080";"protein_coding";35363;3;"62089-91862";10;"Bos taurus"
"Gene_001081";"protein_coding";24104;1;"114411-125737";1;"Homo sapiens"
"Gene_001082";"rRNA";22605;2;"399604-422283";5;"Mus musculus"
"Gene_001083";"protein_coding";21180;1;"810097-812066";1;"Homo sapiens"
"Gene_001084";"snRNA";42210;4;"54559-92725";7;"Bos taurus"
"Gene_001085";"tRNA";39993;2;"109744-147543";6;"Sus scrofa"
"Gene_001086";"lncRNA";47709;1;"80712-89925";11;"Mus musculus"
"Gene_001087";"snRNA";33903;3;"417877-429068";19;"Sus scrofa"
"Gene_001088";"protein_coding";19315;5;"821611-838648";16;"Sus scrofa"
"Gene_001089";"lncRNA";32793;1;"860349-875233";14;"Mus musculus"
"Gene_001090";"rRNA";37238;2;"571670-592505";5;"Homo sapiens"
"Gene_001091";"protein_coding";10146;4;"514952-528720";15;"Mus musculus"
"Gene_001092";"snRNA";17127;4;"886438-921090";8;"Mus musculus"
"Gene_001093";"protein_coding";25444;2;"141920-172618";9;"Mus musculus"
"Gene_001094";"tRNA";43520;1;"26714-50786";3;"Homo sapiens"
"Gene_001095";"protein_coding";10429;5;"455143-486596";1;"Bos taurus"
"Gene_001096";"snRNA";9246;4;"367970-382164";11;"Sus scrofa"
"Gene_001097";"tRNA";18811;2;"69908-95637";6;"Bos taurus"
"Gene_001098";"snRNA";8896;1;"390454-404204";5;"Sus scrofa"
"Gene_001099";"protein_coding";6504;1;"136-33658";6;"Homo sapiens"
"Gene_001100";"rRNA";6129;4;"544017-593741";4;"Bos taurus"
"Gene_001101";"snRNA";31767;4;"981509-982655";20;"Mus musculus"
"Gene_001102";"snRNA";19451;1;"104425-107700";18;"Homo sapiens"
"Gene_001103";"lncRNA";17767;3;"561032-570785";12;"Sus scrofa"
"Gene_001104";"rRNA";3226;2;"39159-77576";11;"Mus musculus"
"Gene_001105";"snRNA";16492;1;"22379-71716";14;"Mus musculus"
"Gene_001106";"protein_coding";18645;2;"576469-617765";8;"Bos taurus"
"Gene_001107";"rRNA";11858;4;"600144-630999";10;"Sus scrofa"
"Gene_001108";"snRNA";42566;5;"876182-892927";18;"Mus musculus"
"Gene_001109";"rRNA";37699;5;"66036-114211";14;"Homo sapiens"
"Gene_001110";"tRNA";20048;1;"603459-626969";19;"Sus scrofa"
"Gene_001111";"tRNA";19740;5;"36197-75086";16;"Mus musculus"
"Gene_001112";"lncRNA";23771;5;"613668-616462";7;"Bos taurus"
"Gene_001113";"lncRNA";3861;5;"232290-251705";1;"Mus musculus"
"Gene_001114";"rRNA";37262;5;"792384-820135";3;"Bos taurus"
"Gene_001115";"snRNA";17178;2;"900682-905937";8;"Sus scrofa"
"Gene_001116";"rRNA";40467;5;"612472-624873";10;"Mus musculus"
"Gene_001117";"snRNA";25001;3;"781841-784952";11;"Bos taurus"
"Gene_001118";"snRNA";42944;5;"107094-130553";9;"Bos taurus"
"Gene_001119";"rRNA";22180;4;"976119-992627";13;"Mus musculus"
"Gene_001120";"rRNA";45966;2;"989907-1011727";10;"Sus scrofa"
"Gene_001121";"protein_coding";37887;4;"326887-349360";18;"Homo sapiens"
"Gene_001122";"tRNA";29729;4;"169868-172368";1;"Homo sapiens"
"Gene_001123";"protein_coding";12170;4;"208643-239581";5;"Sus scrofa"
"Gene_001124";"tRNA";42838;1;"96538-145224";10;"Bos taurus"
"Gene_001125";"protein_coding";12967;2;"658087-670997";9;"Sus scrofa"
"Gene_001126";"protein_coding";42142;2;"617981-653971";6;"Homo sapiens"
"Gene_001127";"tRNA";17506;4;"519804-543451";11;"Bos taurus"
"Gene_001128";"tRNA";31850;2;"134985-143760";4;"Sus scrofa"
"Gene_001129";"snRNA";3975;3;"983063-1027449";12;"Sus scrofa"
"Gene_001130";"lncRNA";33750;3;"481823-491069";4;"Mus musculus"
"Gene_001131";"lncRNA";46436;2;"24050-42003";18;"Homo sapiens"
"Gene_001132";"lncRNA";32319;1;"512020-529126";11;"Homo sapiens"
"Gene_001133";"snRNA";20009;2;"165251-178354";9;"Mus musculus"
"Gene_001134";"tRNA";21487;1;"634085-676107";15;"Sus scrofa"
"Gene_001135";"lncRNA";48296;5;"739542-774022";4;"Homo sapiens"
"Gene_001136";"protein_coding";34622;5;"685602-703748";19;"Homo sapiens"
"Gene_001137";"snRNA";44896;5;"994622-1009500";8;"Sus scrofa"
"Gene_001138";"tRNA";37811;2;"316314-316876";8;"Bos taurus"
"Gene_001139";"protein_coding";15979;3;"459443-482847";11;"Homo sapiens"
"Gene_001140";"lncRNA";21832;1;"14017-17164";9;"Homo sapiens"
"Gene_001141";"snRNA";23513;4;"526273-572744";2;"Mus musculus"
"Gene_001142";"lncRNA";6071;2;"608361-631895";17;"Homo sapiens"
"Gene_001143";"lncRNA";23803;2;"75872-106472";2;"Homo sapiens"
"Gene_001144";"snRNA";41086;5;"430084-442890";20;"Mus musculus"
"Gene_001145";"snRNA";43436;3;"104464-141798";5;"Mus musculus"
"Gene_001146";"snRNA";25870;1;"639013-649070";3;"Homo sapiens"
"Gene_001147";"snRNA";27381;4;"940294-985989";4;"Bos taurus"
"Gene_001148";"snRNA";5468;5;"761963-770816";20;"Homo sapiens"
"Gene_001149";"lncRNA";25299;1;"99417-112480";14;"Sus scrofa"
"Gene_001150";"snRNA";14839;2;"14098-62492";9;"Homo sapiens"
"Gene_001151";"lncRNA";41409;3;"550249-579555";17;"Sus scrofa"
"Gene_001152";"protein_coding";11272;3;"73633-74494";13;"Homo sapiens"
"Gene_001153";"snRNA";30446;5;"840010-856415";8;"Mus musculus"
"Gene_001154";"snRNA";26444;4;"52685-53684";20;"Mus musculus"
"Gene_001155";"tRNA";44875;3;"278712-285748";20;"Sus scrofa"
"Gene_001156";"rRNA";32250;4;"180552-222721";13;"Sus scrofa"
"Gene_001157";"protein_coding";32909;1;"424580-458009";9;"Sus scrofa"
"Gene_001158";"protein_coding";30636;1;"59477-101842";7;"Mus musculus"
"Gene_001159";"tRNA";2976;1;"876375-893768";3;"Sus scrofa"
"Gene_001160";"tRNA";36493;3;"862119-903514";3;"Mus musculus"
"Gene_001161";"snRNA";6828;3;"577701-624713";3;"Mus musculus"
"Gene_001162";"rRNA";29201;1;"491445-521266";18;"Sus scrofa"
"Gene_001163";"snRNA";47492;1;"899879-917018";16;"Sus scrofa"
"Gene_001164";"rRNA";48598;4;"747291-755236";5;"Bos taurus"
"Gene_001165";"tRNA";35889;2;"172214-207008";5;"Bos taurus"
"Gene_001166";"rRNA";3905;3;"671493-683230";18;"Mus musculus"
"Gene_001167";"tRNA";18541;5;"295824-329896";7;"Bos taurus"
"Gene_001168";"protein_coding";15484;2;"967056-992760";9;"Bos taurus"
"Gene_001169";"rRNA";10333;1;"429141-458399";17;"Homo sapiens"
"Gene_001170";"tRNA";2157;5;"618542-619751";3;"Homo sapiens"
"Gene_001171";"protein_coding";49967;5;"260137-261513";11;"Homo sapiens"
"Gene_001172";"snRNA";31239;3;"374595-397605";5;"Homo sapiens"
"Gene_001173";"lncRNA";22231;4;"540913-582557";16;"Sus scrofa"
"Gene_001174";"protein_coding";388;5;"54786-70418";16;"Bos taurus"
"Gene_001175";"protein_coding";32051;2;"169092-179923";12;"Sus scrofa"
"Gene_001176";"protein_coding";41777;2;"717136-727165";17;"Sus scrofa"
"Gene_001177";"lncRNA";46987;5;"578837-614919";13;"Bos taurus"
"Gene_001178";"tRNA";11513;5;"103627-126104";13;"Sus scrofa"
"Gene_001179";"protein_coding";47775;3;"798166-810058";19;"Homo sapiens"
"Gene_001180";"snRNA";18888;1;"10743-23283";4;"Mus musculus"
"Gene_001181";"tRNA";48820;5;"869849-895409";17;"Bos taurus"
"Gene_001182";"snRNA";31790;2;"486418-503116";12;"Bos taurus"
"Gene_001183";"lncRNA";29695;2;"229947-265117";16;"Homo sapiens"
"Gene_001184";"lncRNA";19515;3;"172741-216842";11;"Bos taurus"
"Gene_001185";"tRNA";2997;3;"65424-83485";12;"Mus musculus"
"Gene_001186";"protein_coding";2182;2;"655716-680648";18;"Bos taurus"
"Gene_001187";"protein_coding";37165;3;"377140-419892";6;"Homo sapiens"
"Gene_001188";"protein_coding";16444;1;"428865-430249";4;"Sus scrofa"
"Gene_001189";"snRNA";6582;1;"833160-856484";13;"Sus scrofa"
"Gene_001190";"tRNA";8231;3;"835314-860478";20;"Homo sapiens"
"Gene_001191";"tRNA";21632;3;"719128-741252";5;"Mus musculus"
"Gene_001192";"lncRNA";25567;4;"71028-82575";5;"Sus scrofa"
"Gene_001193";"protein_coding";30288;4;"793029-803787";7;"Bos taurus"
"Gene_001194";"lncRNA";39811;3;"808817-840707";10;"Mus musculus"
"Gene_001195";"lncRNA";6336;1;"986428-1002042";10;"Homo sapiens"
"Gene_001196";"snRNA";22578;4;"25306-61363";7;"Sus scrofa"
"Gene_001197";"lncRNA";18683;4;"310730-317689";10;"Mus musculus"
"Gene_001198";"protein_coding";15055;4;"419767-456471";20;"Sus scrofa"
"Gene_001199";"lncRNA";4226;3;"477420-491490";10;"Mus musculus"
"Gene_001200";"protein_coding";31795;4;"989875-1012862";14;"Mus musculus"
"Gene_001201";"protein_coding";45666;3;"198359-233971";2;"Sus scrofa"
"Gene_001202";"tRNA";47152;5;"296582-314913";13;"Mus musculus"
"Gene_001203";"lncRNA";34283;4;"32500-38809";11;"Bos taurus"
"Gene_001204";"tRNA";20272;2;"478643-526886";9;"Homo sapiens"
"Gene_001205";"lncRNA";26388;2;"641635-657057";13;"Mus musculus"
"Gene_001206";"protein_coding";23617;5;"160159-206088";5;"Sus scrofa"
"Gene_001207";"snRNA";45054;4;"329625-356033";4;"Bos taurus"
"Gene_001208";"lncRNA";44370;1;"520256-559543";14;"Bos taurus"
"Gene_001209";"rRNA";14599;5;"890682-901137";15;"Bos taurus"
"Gene_001210";"rRNA";1454;2;"423035-444558";3;"Sus scrofa"
"Gene_001211";"snRNA";17753;1;"98739-127527";9;"Bos taurus"
"Gene_001212";"protein_coding";34433;2;"653307-657642";15;"Homo sapiens"
"Gene_001213";"lncRNA";31441;4;"624644-634254";6;"Mus musculus"
"Gene_001214";"snRNA";14386;1;"83303-126054";2;"Mus musculus"
"Gene_001215";"rRNA";40119;4;"126675-137551";18;"Bos taurus"
"Gene_001216";"protein_coding";30421;3;"534208-535293";5;"Sus scrofa"
"Gene_001217";"protein_coding";22299;2;"538589-585179";7;"Sus scrofa"
"Gene_001218";"tRNA";14082;3;"664209-672944";16;"Mus musculus"
"Gene_001219";"protein_coding";48591;5;"553495-586730";14;"Homo sapiens"
"Gene_001220";"rRNA";18586;1;"209222-233598";9;"Homo sapiens"
"Gene_001221";"snRNA";18833;2;"32468-76694";5;"Homo sapiens"
"Gene_001222";"rRNA";5097;2;"11412-59995";17;"Sus scrofa"
"Gene_001223";"lncRNA";35043;1;"280383-320305";18;"Mus musculus"
"Gene_001224";"snRNA";46015;4;"724292-765228";10;"Bos taurus"
"Gene_001225";"snRNA";46254;5;"963841-996957";20;"Sus scrofa"
"Gene_001226";"protein_coding";37159;2;"634756-679423";15;"Mus musculus"
"Gene_001227";"rRNA";18782;3;"147760-152757";6;"Bos taurus"
"Gene_001228";"lncRNA";28186;1;"991790-1024537";18;"Mus musculus"
"Gene_001229";"tRNA";22873;5;"207756-244664";5;"Homo sapiens"
"Gene_001230";"tRNA";39946;4;"935120-960718";8;"Sus scrofa"
"Gene_001231";"protein_coding";48392;5;"428728-453105";19;"Bos taurus"
"Gene_001232";"lncRNA";3392;4;"430338-430393";1;"Sus scrofa"
"Gene_001233";"tRNA";15036;5;"109515-152134";17;"Homo sapiens"
"Gene_001234";"tRNA";49177;2;"696332-737356";13;"Homo sapiens"
"Gene_001235";"protein_coding";15348;4;"496647-533146";13;"Bos taurus"
"Gene_001236";"snRNA";39868;4;"284074-297191";20;"Bos taurus"
"Gene_001237";"lncRNA";4880;5;"407406-419699";12;"Homo sapiens"
"Gene_001238";"protein_coding";12296;2;"730440-756609";7;"Mus musculus"
"Gene_001239";"protein_coding";47760;5;"318715-365563";7;"Homo sapiens"
"Gene_001240";"rRNA";17261;5;"618733-636164";17;"Bos taurus"
"Gene_001241";"tRNA";32863;2;"129635-147562";15;"Bos taurus"
"Gene_001242";"tRNA";40386;2;"780834-788508";14;"Sus scrofa"
"Gene_001243";"tRNA";47646;2;"379258-400973";4;"Sus scrofa"
"Gene_001244";"protein_coding";6248;4;"21853-39026";16;"Mus musculus"
"Gene_001245";"snRNA";35965;3;"190348-202477";4;"Bos taurus"
"Gene_001246";"lncRNA";41485;1;"601808-602576";10;"Mus musculus"
"Gene_001247";"lncRNA";37938;5;"131154-150185";13;"Mus musculus"
"Gene_001248";"tRNA";26918;2;"464127-495771";11;"Sus scrofa"
"Gene_001249";"snRNA";46071;2;"995906-1020065";6;"Homo sapiens"
"Gene_001250";"snRNA";34712;3;"759749-783935";6;"Sus scrofa"
"Gene_001251";"lncRNA";37118;3;"205590-221006";13;"Sus scrofa"
"Gene_001252";"rRNA";42360;3;"390120-392165";4;"Sus scrofa"
"Gene_001253";"protein_coding";16063;1;"393179-434476";8;"Sus scrofa"
"Gene_001254";"protein_coding";6031;4;"555212-595831";11;"Homo sapiens"
"Gene_001255";"lncRNA";13729;2;"801839-850590";13;"Sus scrofa"
"Gene_001256";"lncRNA";19131;5;"639049-668189";7;"Homo sapiens"
"Gene_001257";"rRNA";23299;5;"611431-647640";3;"Mus musculus"
"Gene_001258";"lncRNA";40194;2;"551687-571871";18;"Bos taurus"
"Gene_001259";"tRNA";14847;4;"401942-434973";16;"Sus scrofa"
"Gene_001260";"rRNA";19232;3;"196353-203167";12;"Mus musculus"
"Gene_001261";"lncRNA";28663;5;"72524-86026";5;"Bos taurus"
"Gene_001262";"snRNA";3354;4;"888244-913534";18;"Mus musculus"
"Gene_001263";"snRNA";42925;4;"326378-327319";4;"Bos taurus"
"Gene_001264";"lncRNA";1919;2;"939901-966284";17;"Homo sapiens"
"Gene_001265";"lncRNA";7103;4;"571748-593246";8;"Mus musculus"
"Gene_001266";"protein_coding";27747;5;"233631-248593";18;"Mus musculus"
"Gene_001267";"rRNA";25328;3;"495707-500068";13;"Homo sapiens"
"Gene_001268";"snRNA";22637;3;"272099-283626";11;"Mus musculus"
"Gene_001269";"tRNA";28577;3;"585056-615395";13;"Sus scrofa"
"Gene_001270";"lncRNA";2840;1;"169498-212346";5;"Mus musculus"
"Gene_001271";"lncRNA";24765;2;"599608-629090";15;"Bos taurus"
"Gene_001272";"protein_coding";12392;1;"609580-611480";16;"Homo sapiens"
"Gene_001273";"protein_coding";27782;3;"344841-376796";3;"Homo sapiens"
"Gene_001274";"snRNA";6899;4;"797783-837471";10;"Mus musculus"
"Gene_001275";"rRNA";11578;1;"816005-836443";17;"Homo sapiens"
"Gene_001276";"protein_coding";25198;2;"506184-522102";15;"Homo sapiens"
"Gene_001277";"protein_coding";1670;2;"645941-682219";6;"Homo sapiens"
"Gene_001278";"snRNA";10404;1;"879711-916560";19;"Homo sapiens"
"Gene_001279";"snRNA";47388;4;"643936-669280";8;"Mus musculus"
"Gene_001280";"lncRNA";48838;4;"849130-879900";9;"Sus scrofa"
"Gene_001281";"rRNA";35325;5;"846640-886788";16;"Sus scrofa"
"Gene_001282";"protein_coding";34601;3;"634290-646276";1;"Mus musculus"
"Gene_001283";"rRNA";33852;1;"405882-415773";19;"Sus scrofa"
"Gene_001284";"rRNA";17345;3;"622958-663832";14;"Bos taurus"
"Gene_001285";"tRNA";45839;5;"76634-93100";14;"Bos taurus"
"Gene_001286";"rRNA";45333;3;"344771-346892";19;"Bos taurus"
"Gene_001287";"tRNA";22006;5;"965051-977987";1;"Homo sapiens"
"Gene_001288";"protein_coding";5563;5;"643701-673590";6;"Mus musculus"
"Gene_001289";"protein_coding";18044;2;"170542-208404";16;"Sus scrofa"
"Gene_001290";"lncRNA";16700;4;"608661-617115";10;"Sus scrofa"
"Gene_001291";"rRNA";14660;4;"584635-617946";16;"Bos taurus"
"Gene_001292";"lncRNA";10886;1;"774009-775401";1;"Homo sapiens"
"Gene_001293";"rRNA";29296;2;"363063-396102";6;"Bos taurus"
"Gene_001294";"tRNA";42373;2;"359178-391640";16;"Bos taurus"
"Gene_001295";"rRNA";2672;5;"544765-580668";14;"Bos taurus"
"Gene_001296";"rRNA";19055;1;"882738-910838";5;"Sus scrofa"
"Gene_001297";"lncRNA";48573;5;"793696-827491";18;"Mus musculus"
"Gene_001298";"protein_coding";32442;4;"407600-413433";13;"Homo sapiens"
"Gene_001299";"rRNA";24749;2;"671521-706837";11;"Sus scrofa"
"Gene_001300";"lncRNA";19926;5;"876341-888215";11;"Bos taurus"
"Gene_001301";"snRNA";14779;1;"704494-740911";4;"Bos taurus"
"Gene_001302";"protein_coding";30810;2;"502826-518243";7;"Homo sapiens"
"Gene_001303";"protein_coding";6360;5;"646050-664440";12;"Homo sapiens"
"Gene_001304";"snRNA";23420;3;"341004-355394";20;"Bos taurus"
"Gene_001305";"protein_coding";20224;4;"814863-851030";17;"Homo sapiens"
"Gene_001306";"lncRNA";14677;2;"868012-902139";11;"Mus musculus"
"Gene_001307";"rRNA";43756;1;"487984-509738";6;"Bos taurus"
"Gene_001308";"protein_coding";3814;1;"369736-402480";15;"Sus scrofa"
"Gene_001309";"tRNA";26503;2;"645493-678972";6;"Homo sapiens"
"Gene_001310";"protein_coding";46451;3;"710430-733731";5;"Bos taurus"
"Gene_001311";"protein_coding";33870;1;"812910-837150";6;"Bos taurus"
"Gene_001312";"protein_coding";34549;1;"281710-288687";19;"Mus musculus"
"Gene_001313";"protein_coding";31054;5;"748926-752247";12;"Bos taurus"
"Gene_001314";"protein_coding";40898;3;"36746-79920";1;"Bos taurus"
"Gene_001315";"lncRNA";8910;3;"791080-805756";3;"Mus musculus"
"Gene_001316";"tRNA";6435;3;"6011-54061";20;"Mus musculus"
"Gene_001317";"tRNA";17554;4;"899216-925369";13;"Bos taurus"
"Gene_001318";"lncRNA";46319;3;"7615-55688";2;"Bos taurus"
"Gene_001319";"lncRNA";35474;2;"459383-471536";1;"Mus musculus"
"Gene_001320";"lncRNA";8941;1;"594667-595346";15;"Homo sapiens"
"Gene_001321";"lncRNA";48838;5;"692163-737885";11;"Mus musculus"
"Gene_001322";"snRNA";38347;2;"96941-109423";5;"Sus scrofa"
"Gene_001323";"snRNA";40799;5;"131187-178665";7;"Homo sapiens"
"Gene_001324";"lncRNA";41696;5;"434653-445348";15;"Bos taurus"
"Gene_001325";"lncRNA";43494;4;"478059-513796";4;"Sus scrofa"
"Gene_001326";"snRNA";33569;4;"626964-667705";8;"Mus musculus"
"Gene_001327";"protein_coding";17219;4;"937794-984099";1;"Bos taurus"
"Gene_001328";"tRNA";35072;4;"896477-925277";4;"Sus scrofa"
"Gene_001329";"lncRNA";22153;1;"497073-514553";20;"Sus scrofa"
"Gene_001330";"protein_coding";11127;2;"279843-289288";4;"Sus scrofa"
"Gene_001331";"lncRNA";18186;2;"86389-102644";6;"Sus scrofa"
"Gene_001332";"lncRNA";27352;1;"78940-106379";10;"Homo sapiens"
"Gene_001333";"lncRNA";47216;3;"202526-220404";6;"Homo sapiens"
"Gene_001334";"tRNA";41140;2;"998622-1034873";3;"Sus scrofa"
"Gene_001335";"lncRNA";30589;3;"289940-302893";2;"Sus scrofa"
"Gene_001336";"rRNA";32700;1;"658610-677255";8;"Bos taurus"
"Gene_001337";"rRNA";16136;5;"647590-681387";18;"Sus scrofa"
"Gene_001338";"lncRNA";22390;3;"493173-541291";13;"Mus musculus"
"Gene_001339";"tRNA";31287;1;"799731-813064";18;"Bos taurus"
"Gene_001340";"lncRNA";20820;1;"329891-361234";13;"Bos taurus"
"Gene_001341";"protein_coding";9788;3;"267952-269609";10;"Sus scrofa"
"Gene_001342";"tRNA";10685;2;"693996-704381";18;"Bos taurus"
"Gene_001343";"rRNA";43705;2;"264653-270205";10;"Sus scrofa"
"Gene_001344";"snRNA";46231;1;"479962-528208";13;"Homo sapiens"
"Gene_001345";"rRNA";18821;2;"881790-888547";7;"Mus musculus"
"Gene_001346";"rRNA";33430;1;"480774-511093";2;"Homo sapiens"
"Gene_001347";"protein_coding";635;4;"428066-441368";13;"Sus scrofa"
"Gene_001348";"tRNA";7671;2;"934505-969414";7;"Sus scrofa"
"Gene_001349";"snRNA";49231;4;"227427-268941";14;"Mus musculus"
"Gene_001350";"snRNA";19112;4;"959901-972548";9;"Mus musculus"
"Gene_001351";"tRNA";40831;5;"233718-279643";13;"Mus musculus"
"Gene_001352";"snRNA";1411;3;"427917-467081";13;"Mus musculus"
"Gene_001353";"tRNA";24072;2;"530123-577851";3;"Bos taurus"
"Gene_001354";"protein_coding";29752;3;"190790-204233";15;"Sus scrofa"
"Gene_001355";"lncRNA";39694;2;"86603-127137";4;"Bos taurus"
"Gene_001356";"protein_coding";17177;4;"887835-922944";20;"Sus scrofa"
"Gene_001357";"lncRNA";9111;5;"378780-425733";8;"Bos taurus"
"Gene_001358";"lncRNA";26398;2;"258583-263740";7;"Mus musculus"
"Gene_001359";"lncRNA";49866;4;"524938-534292";5;"Mus musculus"
"Gene_001360";"lncRNA";25752;1;"828928-852275";8;"Mus musculus"
"Gene_001361";"lncRNA";36091;4;"216727-253243";1;"Sus scrofa"
"Gene_001362";"rRNA";42695;4;"251115-288739";15;"Sus scrofa"
"Gene_001363";"rRNA";803;1;"40495-59352";16;"Sus scrofa"
"Gene_001364";"tRNA";31319;3;"489573-504492";10;"Mus musculus"
"Gene_001365";"snRNA";36545;3;"110279-142399";11;"Mus musculus"
"Gene_001366";"protein_coding";33382;5;"123316-148528";11;"Bos taurus"
"Gene_001367";"tRNA";6040;1;"698831-710975";12;"Sus scrofa"
"Gene_001368";"protein_coding";48842;2;"72676-80277";12;"Mus musculus"
"Gene_001369";"tRNA";48693;3;"537128-562119";6;"Homo sapiens"
"Gene_001370";"lncRNA";2727;3;"856356-888326";6;"Mus musculus"
"Gene_001371";"lncRNA";47183;3;"870831-896243";9;"Mus musculus"
"Gene_001372";"tRNA";6964;5;"208544-243544";10;"Sus scrofa"
"Gene_001373";"protein_coding";33016;1;"258053-286291";19;"Bos taurus"
"Gene_001374";"rRNA";49332;3;"358087-388830";1;"Sus scrofa"
"Gene_001375";"lncRNA";3862;4;"668002-687936";6;"Mus musculus"
"Gene_001376";"tRNA";16238;5;"989472-1024137";20;"Homo sapiens"
"Gene_001377";"snRNA";4648;1;"765889-783747";5;"Homo sapiens"
"Gene_001378";"lncRNA";38648;2;"264632-307702";12;"Homo sapiens"
"Gene_001379";"rRNA";28803;1;"120165-169328";4;"Bos taurus"
"Gene_001380";"protein_coding";28975;4;"552507-598990";7;"Bos taurus"
"Gene_001381";"tRNA";408;5;"121039-141616";11;"Sus scrofa"
"Gene_001382";"protein_coding";3941;3;"521319-540623";7;"Homo sapiens"
"Gene_001383";"tRNA";44963;1;"89571-92657";7;"Homo sapiens"
"Gene_001384";"lncRNA";36713;2;"75103-78647";20;"Mus musculus"
"Gene_001385";"tRNA";19767;1;"45450-88913";3;"Homo sapiens"
"Gene_001386";"protein_coding";28611;4;"751580-801357";11;"Sus scrofa"
"Gene_001387";"tRNA";25493;1;"618801-622190";16;"Mus musculus"
"Gene_001388";"lncRNA";9177;3;"699138-707331";19;"Homo sapiens"
"Gene_001389";"rRNA";18780;4;"485083-506810";2;"Mus musculus"
"Gene_001390";"lncRNA";46868;1;"143948-167676";17;"Homo sapiens"
"Gene_001391";"snRNA";30979;5;"609847-641315";18;"Sus scrofa"
"Gene_001392";"tRNA";10170;5;"980357-997612";5;"Mus musculus"
"Gene_001393";"lncRNA";23110;2;"397730-446465";3;"Homo sapiens"
"Gene_001394";"lncRNA";5681;2;"530836-562084";2;"Mus musculus"
"Gene_001395";"tRNA";2376;4;"419437-457400";7;"Sus scrofa"
"Gene_001396";"rRNA";13044;3;"378116-425524";8;"Homo sapiens"
"Gene_001397";"lncRNA";2905;3;"86229-123965";11;"Sus scrofa"
"Gene_001398";"rRNA";44114;4;"286488-311047";14;"Bos taurus"
"Gene_001399";"rRNA";42803;4;"183626-184668";7;"Homo sapiens"
"Gene_001400";"lncRNA";7031;4;"623104-660526";5;"Mus musculus"
"Gene_001401";"rRNA";1214;2;"311791-355169";18;"Mus musculus"
"Gene_001402";"snRNA";29731;4;"148914-170048";14;"Bos taurus"
"Gene_001403";"lncRNA";30261;2;"385055-397972";15;"Sus scrofa"
"Gene_001404";"protein_coding";29536;5;"119713-150746";20;"Mus musculus"
"Gene_001405";"protein_coding";4399;3;"526311-531479";5;"Bos taurus"
"Gene_001406";"rRNA";44718;1;"726193-764878";14;"Bos taurus"
"Gene_001407";"tRNA";6482;2;"125664-129249";14;"Sus scrofa"
"Gene_001408";"rRNA";14421;4;"146366-177434";3;"Homo sapiens"
"Gene_001409";"tRNA";13171;4;"601470-634104";12;"Sus scrofa"
"Gene_001410";"rRNA";45635;2;"582167-624477";1;"Bos taurus"
"Gene_001411";"snRNA";49440;5;"823255-845348";18;"Homo sapiens"
"Gene_001412";"tRNA";19463;5;"835780-861263";20;"Mus musculus"
"Gene_001413";"rRNA";43419;5;"676881-712879";15;"Bos taurus"
"Gene_001414";"lncRNA";13561;2;"624085-653687";15;"Homo sapiens"
"Gene_001415";"snRNA";22933;2;"884145-904121";4;"Mus musculus"
"Gene_001416";"tRNA";2167;1;"184590-191487";11;"Bos taurus"
"Gene_001417";"tRNA";46703;4;"584435-603217";20;"Bos taurus"
"Gene_001418";"lncRNA";43062;3;"817006-828866";12;"Sus scrofa"
"Gene_001419";"tRNA";5986;4;"364115-391805";18;"Homo sapiens"
"Gene_001420";"protein_coding";13407;2;"718316-766012";6;"Sus scrofa"
"Gene_001421";"lncRNA";31666;2;"258877-281379";4;"Bos taurus"
"Gene_001422";"lncRNA";26239;5;"106642-140007";7;"Homo sapiens"
"Gene_001423";"snRNA";43798;2;"991635-997115";4;"Homo sapiens"
"Gene_001424";"protein_coding";39637;3;"305882-326731";7;"Bos taurus"
"Gene_001425";"tRNA";32061;5;"974031-992267";15;"Sus scrofa"
"Gene_001426";"protein_coding";2071;1;"539715-565862";4;"Sus scrofa"
"Gene_001427";"tRNA";25704;4;"696368-728964";17;"Mus musculus"
"Gene_001428";"protein_coding";5082;5;"107394-116554";15;"Homo sapiens"
"Gene_001429";"lncRNA";20033;3;"491117-524398";9;"Sus scrofa"
"Gene_001430";"lncRNA";907;4;"25140-47052";19;"Homo sapiens"
"Gene_001431";"tRNA";17748;3;"391284-432824";12;"Sus scrofa"
"Gene_001432";"snRNA";32974;1;"712081-749499";1;"Homo sapiens"
"Gene_001433";"snRNA";1352;1;"548246-586548";20;"Homo sapiens"
"Gene_001434";"rRNA";15617;3;"998649-1035168";19;"Bos taurus"
"Gene_001435";"lncRNA";25867;2;"213612-254388";20;"Mus musculus"
"Gene_001436";"tRNA";26875;3;"562412-612161";4;"Homo sapiens"
"Gene_001437";"rRNA";38008;3;"226563-241355";3;"Sus scrofa"
"Gene_001438";"snRNA";37972;5;"239849-242219";20;"Bos taurus"
"Gene_001439";"protein_coding";33995;4;"465254-481656";15;"Homo sapiens"
"Gene_001440";"rRNA";26419;2;"515146-541517";4;"Bos taurus"
"Gene_001441";"tRNA";19503;1;"55204-103605";4;"Homo sapiens"
"Gene_001442";"tRNA";19688;2;"734935-738595";3;"Bos taurus"
"Gene_001443";"snRNA";10260;3;"695122-739295";4;"Homo sapiens"
"Gene_001444";"lncRNA";14399;1;"883278-908378";4;"Sus scrofa"
"Gene_001445";"tRNA";48149;4;"680771-690506";17;"Sus scrofa"
"Gene_001446";"rRNA";5869;2;"685562-708189";13;"Bos taurus"
"Gene_001447";"protein_coding";25159;1;"493698-517020";4;"Sus scrofa"
"Gene_001448";"rRNA";45528;2;"191145-221995";2;"Sus scrofa"
"Gene_001449";"tRNA";23965;1;"907567-914806";13;"Homo sapiens"
"Gene_001450";"tRNA";18003;1;"816601-856731";19;"Mus musculus"
"Gene_001451";"snRNA";10492;5;"792280-792702";3;"Sus scrofa"
"Gene_001452";"protein_coding";11440;5;"720080-754306";9;"Bos taurus"
"Gene_001453";"tRNA";38826;5;"921594-948342";6;"Bos taurus"
"Gene_001454";"lncRNA";35806;5;"208313-238653";12;"Mus musculus"
"Gene_001455";"tRNA";27176;3;"499648-531849";13;"Sus scrofa"
"Gene_001456";"rRNA";9056;2;"726317-740587";18;"Homo sapiens"
"Gene_001457";"lncRNA";15811;3;"918266-967401";11;"Mus musculus"
"Gene_001458";"protein_coding";35642;1;"821634-860672";9;"Homo sapiens"
"Gene_001459";"protein_coding";16152;1;"586294-631652";1;"Mus musculus"
"Gene_001460";"lncRNA";4703;5;"834110-850663";10;"Mus musculus"
"Gene_001461";"snRNA";49590;4;"898293-930909";16;"Bos taurus"
"Gene_001462";"rRNA";435;5;"944721-977361";16;"Bos taurus"
"Gene_001463";"protein_coding";10627;5;"90438-105777";11;"Mus musculus"
"Gene_001464";"rRNA";19420;3;"842795-884010";1;"Sus scrofa"
"Gene_001465";"snRNA";18233;1;"474682-505700";20;"Bos taurus"
"Gene_001466";"snRNA";43167;1;"185440-202095";20;"Sus scrofa"
"Gene_001467";"protein_coding";22009;4;"496918-542794";4;"Mus musculus"
"Gene_001468";"tRNA";40461;1;"175966-206337";13;"Mus musculus"
"Gene_001469";"lncRNA";4752;1;"126432-155593";4;"Bos taurus"
"Gene_001470";"snRNA";4239;4;"304477-326491";17;"Mus musculus"
"Gene_001471";"lncRNA";41085;5;"599780-627883";18;"Bos taurus"
"Gene_001472";"rRNA";29490;3;"128451-152335";4;"Homo sapiens"
"Gene_001473";"rRNA";9446;1;"81008-86540";13;"Homo sapiens"
"Gene_001474";"lncRNA";31273;2;"439452-453882";6;"Sus scrofa"
"Gene_001475";"protein_coding";13538;3;"423154-428241";16;"Sus scrofa"
"Gene_001476";"protein_coding";45403;1;"328017-377088";16;"Sus scrofa"
"Gene_001477";"lncRNA";6583;3;"973925-1022017";5;"Mus musculus"
"Gene_001478";"lncRNA";26888;5;"732617-750869";9;"Bos taurus"
"Gene_001479";"protein_coding";15129;2;"345083-346957";20;"Bos taurus"
"Gene_001480";"protein_coding";30783;2;"894611-931074";15;"Homo sapiens"
"Gene_001481";"rRNA";20657;2;"122435-126494";9;"Bos taurus"
"Gene_001482";"rRNA";36256;3;"779014-794258";3;"Bos taurus"
"Gene_001483";"protein_coding";28155;5;"249704-277285";9;"Mus musculus"
"Gene_001484";"tRNA";38408;2;"462489-502924";11;"Mus musculus"
"Gene_001485";"protein_coding";3792;2;"343998-372806";20;"Homo sapiens"
"Gene_001486";"tRNA";44839;1;"823980-857491";20;"Homo sapiens"
"Gene_001487";"protein_coding";12571;2;"544952-586412";13;"Mus musculus"
"Gene_001488";"protein_coding";18078;5;"790963-819577";10;"Bos taurus"
"Gene_001489";"tRNA";21052;2;"185532-205132";8;"Mus musculus"
"Gene_001490";"tRNA";24176;5;"344743-385646";14;"Sus scrofa"
"Gene_001491";"lncRNA";22111;1;"45681-82861";7;"Homo sapiens"
"Gene_001492";"lncRNA";48042;5;"558233-589163";8;"Homo sapiens"
"Gene_001493";"snRNA";20631;5;"8626-47868";12;"Sus scrofa"
"Gene_001494";"lncRNA";16225;5;"191319-201472";5;"Bos taurus"
"Gene_001495";"snRNA";35553;2;"797967-826233";16;"Sus scrofa"
"Gene_001496";"tRNA";31731;4;"858498-905527";6;"Sus scrofa"
"Gene_001497";"rRNA";48337;1;"573651-580260";15;"Homo sapiens"
"Gene_001498";"snRNA";2393;2;"463022-505095";4;"Mus musculus"
"Gene_001499";"snRNA";40642;2;"642487-661784";11;"Sus scrofa"
"Gene_001500";"rRNA";5806;4;"138926-187129";20;"Mus musculus"
"Gene_001501";"tRNA";23150;2;"854781-864246";11;"Sus scrofa"
"Gene_001502";"protein_coding";32728;2;"730111-749050";10;"Bos taurus"
"Gene_001503";"rRNA";35971;4;"847362-856411";1;"Mus musculus"
"Gene_001504";"snRNA";38965;2;"700778-744961";6;"Bos taurus"
"Gene_001505";"rRNA";37401;5;"268719-284225";18;"Homo sapiens"
"Gene_001506";"protein_coding";40667;2;"138977-187778";17;"Sus scrofa"
"Gene_001507";"tRNA";4821;3;"493545-538526";11;"Bos taurus"
"Gene_001508";"lncRNA";28781;4;"305082-310611";18;"Mus musculus"
"Gene_001509";"snRNA";19947;1;"838170-855208";3;"Mus musculus"
"Gene_001510";"rRNA";8429;2;"802225-841993";1;"Bos taurus"
"Gene_001511";"protein_coding";24418;5;"774425-777920";11;"Mus musculus"
"Gene_001512";"lncRNA";23632;2;"93528-102345";9;"Bos taurus"
"Gene_001513";"snRNA";974;4;"12697-49962";8;"Homo sapiens"
"Gene_001514";"lncRNA";35767;4;"992197-996438";17;"Sus scrofa"
"Gene_001515";"tRNA";2496;3;"652772-673530";11;"Mus musculus"
"Gene_001516";"snRNA";10953;5;"159555-169012";3;"Sus scrofa"
"Gene_001517";"lncRNA";25424;4;"328245-370513";20;"Sus scrofa"
"Gene_001518";"rRNA";9272;1;"45424-78323";2;"Mus musculus"
"Gene_001519";"tRNA";41198;1;"370443-392810";20;"Homo sapiens"
"Gene_001520";"protein_coding";5539;3;"171125-186769";9;"Bos taurus"
"Gene_001521";"tRNA";42290;3;"259881-307163";15;"Bos taurus"
"Gene_001522";"rRNA";12289;5;"495078-524632";17;"Bos taurus"
"Gene_001523";"lncRNA";469;2;"961363-984395";18;"Homo sapiens"
"Gene_001524";"rRNA";39872;4;"194634-222911";20;"Sus scrofa"
"Gene_001525";"rRNA";19176;1;"358081-384399";13;"Bos taurus"
"Gene_001526";"snRNA";49162;4;"193178-206391";16;"Sus scrofa"
"Gene_001527";"lncRNA";11028;5;"220369-239365";3;"Sus scrofa"
"Gene_001528";"snRNA";3940;4;"814875-841809";19;"Bos taurus"
